title,year,rating,review_count,stars
Perfect Love,2023,7.1,(113),"James Liddell, Clara Carlo, Ansley Hutchinson"
Billionaire CEO's Obsession,2023,7.4,(149),"Nick Ritacco, Griffin Blazi, Kyra Wisely"
Love by Contract,2024,7.5,(220),"Rachel Coopes, Noah Fearnley, Preet Kaur"
Don't Challenge the Lady Billionaire,2024–2025,6.6,(193),"Rosa Singerman, Hunter Kohl, Mason Eaglin"
Will You Be My Love Again?,2024,8.2,(88),"Angela Barber, Les Mahoney, Joanne Zimbler"
Fated Deal with the Mafia King,2024,8.0,(172),"Brittany Marsicek, Terry Stokes, Jake Hobbs"
Bound to the Bastard Billionaire,2024,8.0,(65),"Joel Onesto, Lorenzo Brunetti, Quincey Leigh"
Becoming My Ex's Mother-in-Law,2024,7.9,(81),"Alexandria Watts, James Liddell, Shane Palmer"
The Alpha's Rejected Mate,2023,6.8,(129),"Faith West, Nick Ritacco, Alex James"
"Dear Husband, Do You Remember Me?",2024–,8.1,(58),"Addison Bowman, JT Garcia, Andrea Adamson"
My Ex Is a Secret Billionaire,2024–,6.5,(11),"Craig Walker, Erin Thomas, EchoPalo"
"Whirlwind Marriage, Secret Twins",2024,8.5,(74),"Jana Skorpen, Neven Tomic, Mila Rose Boyd"
Destined Redemption,2024,7.2,(126),"Alexa Reddy, Lexy Reddy, Michael S. Brown"
Love's U-Turn from a Mistake,2023,8.0,(54),"Jackson Tiller, Josh Stone, Erin Elle"
100% Destined for Your Love,2024,8.7,(63),"Leslie Scarborough, Sam Myerson, Kyra Wisely"
My Second Husband's a Prince Charming!,2024,8.1,(120),"Darrell Philip, Richard Rivera, Carlos Vega"
Echoes of Her Cry,2024,7.7,(22),"Hao Chen, Brittany Marsicek, Sam Schweikert, Kseniya Kareba"
Love as I Remember,2024,8.5,(51),"Jennings Brower, Casey Schryer, Timothy Haug"
An Unreliable Guide on Dating Your CEO,2024,8.2,(85),"Griffin Blazi, Grace Woods Swanson, Jessica Jacoby"
My Gift-Wrapped Billionaire,2024,7.1,(78),"Kyra Wisely, Jarred Harper, Christine"
My Professor Is My Alpha Mate,2024,7.6,(87),"James Liddell, Alexandria Watts, Justin Slepicoff"
My Hockey Alpha,2024,7.4,(85),"Chozy Aiyub, Grace Woods Swanson, Nicolas James Wilson"
Billionaire CEO's Obsession,2023,7.4,(149),"Nick Ritacco, Griffin Blazi, Kyra Wisely"
The Alpha's Rejected Mate,2023,6.8,(129),"Faith West, Nick Ritacco, Alex James"
The Agreement,2024,8.4,(68),"Cypress Bai, M@tch, Ari White, Clara Carlo"
Destined Redemption,2024,7.2,(126),"Alexa Reddy, Lexy Reddy, Michael S. Brown"
My Secret Agent Husband,2024,7.4,(806),"Michael Naizu, Andrei Prunila, Bri Ana Wagner"
My Secret Husband Is My Boss,2024,8.1,(98),"Cosette Hatch, Jake Hobbs, Kirby Ellwood"
My Secret Husband,2023,8.1,(15),"Angela Barber, Nick Checket, Jessica DeBonville"
The Double Life of My Secret Husband,2024,7.5,(23),"Allen Williamson, Rieschel Nieboer, Jake Galluccio"
My Husband's Secret Wife,2018,4.7,(397),"Tamar Halpern, Helena Mattsson, Josh Kelly, Briana Evigan"
A Love Prescription of Mr. Devil,2023,8.1,(19),"Tyler Johnson Ellis, Thedita Pedersen, Diane Box Worman"
The Alpha and His Contract Luna,2024,8.0,(42),"Denise Borraz Trepat, Michael Ursu, Chloë Julianne Moore"
Love's U-Turn from a Mistake,2023,8.0,(54),"Jackson Tiller, Josh Stone, Erin Elle"
Alpha of Aberdeen,2023,7.7,(34),"Zora Zou, Maddie Lane, Joe Solana Simon, Jasmine McLeish"
Jailed Bird,2023,5.9,(11),"Kaitlin Sanders, Derek Grauer, Chandni Shah"
Love by Contract,2024,7.5,(220),"Rachel Coopes, Noah Fearnley, Preet Kaur"
Double Contract Love,2024,7.8,(54),"Casey Schryer, Jennings Brower, Jessica Ruth Bell"
Taking Love as a Contract,2024,,,
Forget Me Not: Omega's Return,2023,7.6,(78),"Livia Pillmann, Eric Guilmette, Kyle Fragnoli"
Reincarnated Love: Amy's Revenge,2024,7.2,(17),"Robin Åkerstrand, Katie Kay, Douglas Jung"
Oops! I Married a CEO by Mistake,2024–,8.0,(87),"Kyra Wisely, Ryan Watson Henderson, Sia Kravchenko"
Let Me Go My Queen,2023,7.9,(28),"Ashley Michelle Grant, Kyra Wisely, Felisha Cooper"
"After Divorce, Stripper CEO and I Dominate Hollywood",2024,7.9,(24),"Felix Merback, Lauren Bonham, Brooke Vanderdonck"
CEO's Substitute Wife,2024,7.1,(67),"Sihang 'Annie' Cheng, Kelley Faith Barrett, Faith Barrett"
Love Is a Lullaby,2023,6.7,(8),Anina Net
The Forbidden Love,2023,6.7,(23),"Monroe Cline, Alyssa Corella, Poonam Basu"
Profits Prophecy,2023,7.7,(7),"Josh Stone, Tiffany Chevonne, Jaysin Decora"
An Unreliable Guide on Dating Your CEO,2024,8.2,(85),"Griffin Blazi, Grace Woods Swanson, Jessica Jacoby"
The Alpha and His Contract Luna,2024,8.0,(42),"Denise Borraz Trepat, Michael Ursu, Chloë Julianne Moore"
The Double Life of My Billionaire Husband,2023,6.6,(2.8K),"Avery Lynch, Jarred Harper, Joe Zhang"
The Double Life of a Billionaire Heiress,2024,7.7,(284),"Haley Lohrli, Marc Herrmann, Braxton Angle"
You Belong with Me,2024,8.4,(402),"Emma Hullar, Eric Guilmette, Casie Maghran"
Married at First Sight,2023,7.3,(390),"Autumn Noel, Ariel Yasmine, Chase Lawless"
Recipe for Faking a Marriage,2024,7.8,(124),"Kaitlin Sanders, Jesse Morales, Laura Karoubi"
The Lost Prima Ballerina,2024,7.1,(116),"Neela Jolene, Eli Jane, Christopher Quartuccio"
The Return of My Mafia Husband,2024,7.4,(36),"Sarah Louise Kane, Lennie Ross, Violet Bennett"
"OMG, I'm Surrounded by Princes",2024,7.6,(61),"Seth Edeen, Faith Orta, Molly Flanagan"
"Sit Down, Be Humble",2024,7.4,(67),"Juliet Chevelle, Leif Erik Offerdahl, Skyla Lynne"
"OMG, I Got Married in Vegas!",2024,7.6,(114),"Sarah Noelle, Richard Sharrah, Kyle Colton"
My Sugar-Coated Mafia Boss,2024,7.6,(165),"Marc Herrmann, Bri Ana Wagner, Christine"
The Devil Wears Desire,2024,7.7,(55),"K. Tappan, Hannah Lowery, Neven Tomic"
The Devil Wears Desire,2024,7.7,(55),"K. Tappan, Hannah Lowery, Neven Tomic"
Lady Boss Takes on Vegas Bullies!,2024,7.6,(27),"Alicia Underwood, Skyla Lynne, Ellen Molina"
Resisting Mr. Lloyd: An Age Gap Romance,2024,7.8,(145),"Richard Sharrah, Finley Riter, Sarah Moliski"
The Call Boy I Met in Paris,2024,6.6,(574),"Connor Tuohy, Alyona, Amanda Glass"
The Virgin and the Billionaire,2024,6.7,(146),"Rebecca Stoughton, Aaron Russell, Lauren Bonham"
The Secret of my Billion-Dollar Marriage,2024,8.3,(78),"Kelsey Maskell, Alistair David Herz, Kasey Esser"
Mr. Hill's Adorable Wife,2024,7.1,(148),"Meg Bush, Jesse Morales, Sheila Ball"
Infatuated with the CEO,2024,7.9,(106),"Michael Cline, Haley Lohrli, Marc Herrmann"
His One and Only Love,2024,7.7,(123),"Autumn Noel, Jesse Morales, Circus-Szalewski"
Breaking the Ice,2024,7.0,(755),"James C. Burns, Nicole Mattox, Seth Edeen"
VTuber Legend: How I Went Viral after Forgetting to Turn Off My Stream,2024–,5.7,(242),"Nana Nanato, Ayane Sakura, Hayden Daviau, Sarah Wiedenheft"
After Cancer I Turn Into a Badass,2024,8.8,(44),"Violet Bennett, Bradley Meccariello, Ruby Griffin"
Break My Heart Again,2024,8.3,(101),"Autumn Noel, Sam Myerson, Hannah Lowery"
"Baby, You Had It Coming",2024,6.7,(36),"Mia Wilson, Mike Jeffrey, Victoria Joliddie"
"Dear Husband, Delete My Number",2024,7.7,(201),"Sarah Noelle, Marc Herrmann, Sarah Moliski"
We Are Never Ever Getting Back Together,2024,8.7,(282),"Molly Anderson, Jarred Harper, Tali Chart"
The Return of My Drama Queen,2024,8.7,(85),"Kåius Härrisøn, Monroe Cline, Jake Hobbs"
Love Ages Like Fine Wine,2024,7.6,(47),"Lawson Greyson, Ian S. Peterson, Andrew Cawley"
Oh No! I Slept with My Husband!,2024,7.8,(105),"Brittany Marsicek, Ali Badalov, Kathryn Hollis Peters"
Accidental Surrogate for Alpha,2024,7.7,(286),"Anna DeRusso, Luke Charles Stafford, Jesús Lloveras"
The Virgin and the Billionaire,2024,6.7,(146),"Rebecca Stoughton, Aaron Russell, Lauren Bonham"
I Accidentally Hired a Billionaire Husband,2024,7.5,(100),"Macy Faith Boren, Kasey Esser, R. Stoughton"
I Accidentally Married a Billionaire,2024,8.1,(23),"Paul Matte, Cynthia Menard, Piyal Sarker"
Playing by the Billionaire's Rules,2024,7.8,(68),"Meg Bush, Hannah Record, Adam Wesley"
The Divorced Billionaire Heiress,2024,4.8,(1.1K),"Lawrence Shagawat, John Morgan, Mariah Moss"
The Divorced Billionaire Heiress,2024,4.8,(1.1K),"Lawrence Shagawat, John Morgan, Mariah Moss"
The Billionaire's Baby Bargain,2024,8.0,(187),"Magdalene Cherry, Daniela Couso, Richard Sharrah"
My Mate Is a Vampire,2023,7.3,(28),"Ross Turner, Travis Long, Tatiana Turan"
Fated to the Alpha,2024,7.4,(400),"Maria Barseghian, Noah Fearnley, Rebecca Stoughton"
Fated to My Forbidden Vampire,2024,8.2,(92),"Brooke Moltrum, Nick Ritacco, Mia Grich"
True Luna,2023,6.9,(201),"Grace Woods Swanson, Nicholas René Rodriguez, Ben Alencar"
Fatal Attraction,2023,6.4,(5.8K),"Alexandra Cunningham, Kevin J. Hynes, Joshua Jackson, Lizzy Caplan, Amanda Peet"
Fatal Attraction: The Hybrid Princess,2023,7.8,(84),"Maria Barseghian, Adam Santa Cruz, Jake Golden"
The Alpha's Daughter,2023,7.3,(86),"Douglas Jung, Courtney Carl, Abigail Blythe"
My Enemy Alpha,2023,8.5,(24),"Katherine Marsh, Kourtney George, Marcus Brodie"
Fated to my Forbidden Alpha,2023–,6.5,(339),"Autumn Noel, Kasey Esser, John William DiCaro"
Kiss Me One Last Time,2024,6.2,(131),"Hannah Record, Richard Trotter, John Palmer"
The Return of My Mafia Husband,2024,7.4,(36),"Sarah Louise Kane, Lennie Ross, Violet Bennett"
Her Desired Alphas,2024,6.4,(30),"TJ Wilk, Robin Åkerstrand, Kristen DiMercurio"
Prescription for Love,2019,6.3,(1.7K),"Brian Brough, Jillian Murray, Trevor Donovan, Jillian Joy"
Where Is She?,2020,7.7,(24),"Lemarze Smith, Catalina Ariel, Brandon E. Brooks, Kubwa M. Brown"
Exes & Owen,2020,,,"Gabriel Younes, Lily Lei, Reggie Luck, Charlie Mosey"
"Darling, Please Come Home",2024,7.4,(46),"Casey Schryer, Josh Welles, Alani Waters"
I Swapped Bodies with My Nemesis,2024,8.6,(76),"Skylar Fast, Tyler Johnson Ellis, Ashley BeLoat"
Fake It Till You Love Me,2024,8.2,(136),"William Gray, Sophia Delucchi, Luke Charles Stafford"
Do Not Disturb: Lady Boss in Disguise!,2024,7.4,(123),"Grace Woods Swanson, Levi Peterson, Brooke Moltrum"
Submitting to My Best Friend's Dad,2024,7.5,(92),"Marc Schöttner, Sarah Moliski, Haley Evans"
Art of Falling in Love,2019,6.0,(647),"Justin G. Dyck, Kimberly-Sue Murray, Josh Dean, Kelly Bishop"
The CEO's Tempting Secretary,2024,7.3,(149),"Noah Fearnley, Tyler Scherer, Noémi VanSlyke"
"Drop the Act, I'm the True Heiress",2024,6.9,(28),"Serena Profaci, Raffi Manjikian, Katie Harmon"
"Drop the Act, I'm the True Heiress",2024,6.9,(28),"Serena Profaci, Raffi Manjikian, Katie Harmon"
"Drop the Act, I'm the True Heiress",2024,6.9,(28),"Serena Profaci, Raffi Manjikian, Katie Harmon"
In Bed with Your Lies,2024,7.4,(45),"Brittany Marsicek, Jordan Wolf, Lukas Silva"
"Caution, Cute Baby Alert!",2024,8.5,(94),"Jake Hobbs, Skylar Fast, Lil Safonova"
Return of the Lost Heiress,2024,7.9,(75),"Alyssa Gonzalez, Eli Jane, Johnny Briseño"
Duke with Benefits,2024,7.6,(143),"Ryan Watson Henderson, Kristine Kay Larsen, Andrei Prunila"
Her Secret Crusader,2024,6.6,(21),"Ben Bladon, Christian Brunetti, Scot Cooper"
"Lights, Camera, Action!",2024,8.7,(89),"Cosette Hatch, Sam Myerson, Diane Box Worman"
My Secret Husband Is My Boss,2024,8.1,(98),"Cosette Hatch, Jake Hobbs, Kirby Ellwood"
The Heiress Strikes Back,2024,7.8,(77),"Meg Bush, Preston Fox, Zachary Holmes"
Freeze! My Wanted Lover,2024,7.3,(87),"Kasey Esser, Nick Ritacco, Christine Havens"
You've Got Male,2024,8.5,(164),"Emily Gateley, Mario Alverson, Luke Charles Stafford"
The Billionaire's Accidental Bride,2024,8.1,(10),"Lexi Collins, Sam Schweikert, Amber Overbay"
Trevor and the Virgin,2019,3.0,(239),"Jeff Jenkins, Chloe Ray, Dylan Rourke, Elizabeth Posey"
The CEO's Contract Lover,2024,7.6,(41),"JC Ann, Sam Schweikert, Shay Dinneen"
In Love with Dr. Baby Daddy!,2024,7.1,(111),"Mariah Moss, Marc Schöttner, Ellen B. Williams"
The Alpha's Daughter,2023,7.3,(86),"Douglas Jung, Courtney Carl, Abigail Blythe"
30 Days Till I Marry My Husband's Nemesis,2024–,7.9,(226),"Christi Glass, Jeanne Solange Ramin, Mark Vega"
Do Me Over,2023,7.8,(45),"Grady Eldridge, Rose Marie Guess, Eugenia Tempesta"
My Husband Killed Me and Then I Won the Megaball,2023,7.5,(45),"Alexandra Shydlovska, Ryan Watson Henderson, Anuschka van Lent"
Fatal Temptation: Between Two Alphas,2023,7.4,(68),"Daniela Couso, Freddy Piazza, Ethan Kirschbaum"
I Married as the Replacement Bride,2024,7.5,(53),"Blake Studwell, Ren Muccino, Ethan Vaughan, John D. Babcock III"
The Three Badasses Who Want Me,2024,7.3,(44),"Jessica Jacoby, Ethan Vaughan, Mike Jeffrey"
Knight in Shining Suit,2024,7.8,(64),"Alice Bahlke, Tess Riley, Vico Ortiz"
"Married for Greencard, Stayed for Love",2024,8.0,(143),"Ashley Michelle Grant, John Palmer, Avery Lynch"
All the Wrong Reasons,2024,7.5,(56),"Autumn Noel, Josh Stone, Ashley Brinkman"
"Goodbye, My CEO",2023,7.2,(132),"Maryana Dvorska, Kasey Esser, Nic Caruccio"
"Ms. Swan, Teach Me Love",2024,8.3,(70),"Candace Mizga, Hannah Lowery, Sarah Moliski"
The Art Collector,2019,9.0,(6),"Nora Jobling, Jack Turner, Kristen Vaganos"
Snatched a Billionaire to Be My Husband,2024,7.8,(737),"Grace Woods Swanson, Jarred Harper, Courtney Lynn Green"
Runaway Princess Bride,2024,8.0,(148),"Brittany Pirozzoli, Luke Charles Stafford, Nickolas Natali"
"Big Bad Husband, Please Wake Up!",2023,7.0,(155),"Samantha Drews, Roman Chsherbakov, Matt McGee"
Escorting the Heiress,2024,8.1,(312),"Ashley Michelle Grant, Noah Fearnley, Sarah Moliski"
Curse of the Dragon King,2024,7.8,(55),"Mario Silva, Isabella De Souza Moore, Jolene Andersen"
Spoiled by the Billionaire,2024,7.8,(58),"Sijing Yang, Sia Kravchenko, Kasey Esser, Sarah Iranca"
How My Boss Became My Hubby,2023–,7.4,(52),"Jey Reynolds, Kirsten Schaffer, Joanna Marie Hobbie"
The Billionaire's Masquerade,2024,7.0,(70),"Christine Oswald, Tyler Johnson Ellis, Hailey Swartwout"
"Baby, Just Say Yes!",2024,8.1,(95),"Brittney Rae, Alex Trumble, Thomas King"
Bound by Vendetta: Sleeping with the Enemy,2023,7.7,(216),"Marc Herrmann, Addison Bowman, Lobat Asadi"
We Will Love Again,2024,7.3,(236),"Seth Edeen, Alena Savostikova, Christine"
The One That Got Away,2024,6.7,(114),"Catherine Tregenna, Marc Herrmann, Sarah Brooks, Danny Farber"
The Reborn Wife's Redemption,2023,7.4,(49),"Alexandria Watts, Ethan Kirschbaum, Annie Sullivan"
"Love Me, Bite Me",2024,8.2,(70),"Jackie Green, Andrew Keives, Samantha Drews"
My Gorgeous Wife Is an Ex-Convict,2023,7.4,(56),"Nova Gaver, Ryan Watson Henderson, Sophie Jordan Collins"
Cross My Heart and Hope to Die,2023,6.8,(44),"Sam Manacsa, Jorrybell Agoto, Rexon Anyayahan, Aje Candelaria"
One Night Stand,2023,7.5,(44),"Pimprapa Thangprapaporn, Esther Supreeleela, Sutatta Udomsilp"
Love the Way You Lie,2024,7.4,(367),"Grace Woods Swanson, Myles Clohessy, Maxwell David Marcus"
The Mafia's Obsession,2024,7.9,(346),"Elliott Eason, Lucas Wilson, Terry Bird"
Waking Up Married to My Crush,2024,7.5,(180),"Bogdan Ruban, Ruslan Miroshnychenko, Anastasia Ivaniuk"
Falling in Love with the Rascal in a Suit,2024,7.6,(182),"Rebecca Stoughton, Mark Vega, Matthew Layton"
The Best Mistake Ever,2024,8.2,(83),"Jarred Harper, Dominique Rose, Jared Harper"
From Contract Lover to the Billionaire's Bride,2024,6.9,(611),"Evey Yu, Jackson Tiller, Kyra Wisely, A. BeLoat"
My Secret Agent Husband,2024,7.4,(806),"Michael Naizu, Andrei Prunila, Bri Ana Wagner"
The Divorced Billionaire Heiress,2024,4.8,(1.1K),"Lawrence Shagawat, John Morgan, Mariah Moss"
After Divorce: I Become Heiress,2024,7.4,(44),"Elijah Van Zanten, Jesse Gallagher, Jeff Lawless"
Fated to My Cruel CEO,2024–,7.7,(98),"Kasey Esser, Autumn Noel, Mark Pontarelli"
My Heartless Alpha,2024–,8.4,(84),"Lil Safonova, Rebecca Stoughton, Ethan Kirschbaum"
How I See Through You,2024,6.8,(22),"Felix Merback, Faith West, Chanda Davetas"
Forget Me Not: Omega's Return,2023,7.6,(78),"Livia Pillmann, Eric Guilmette, Kyle Fragnoli"
Sleeping Handsome,2023,7.3,(60),"Troy Dillinger, Julian Dane, Rob Shiells"
The Return of the Unwanted Wife,2024,7.7,(104),"Christine Havens, Eric Guilmette, Vivian Holdsworth"
Let Me Go My Queen,2023,7.9,(28),"Ashley Michelle Grant, Kyra Wisely, Felisha Cooper"
One Fateful Night with My Boss,2024,7.5,(236),"Cosette Hatch, Ryan Watson Henderson, Crystal St John"
Mated to My Fiance's Alpha Daddy,2024,7.6,(149),"Emma Hullar, Nick Ritacco, Andrue Velarde"
Mafia's Good Girl,2024,6.8,(705),"Jackson Tiller, Sia Kravchenko, Victoria Martzloff"
Spoiled by Four Billionaires,2024,7.7,(100),"Kirby Ellwood, Elijah Van Zanten, Mary Foster"
"Revenge Marriage, Sweet Love",2023,6.7,(349),"Jarred Harper, Emma Kotos, Rebecca Tarabocchia"
Rebel in Devil's Shackle,2023,6.3,(123),"Jackson Tiller, Sofia López, Jason Morciglio"
Flash Marriage with My Werewolf Husband,2024,8.0,(163),"Summer Soderstrom, Emily Gateley, Ryan Watson Henderson"
CEO's Substitute Wife,2024,7.1,(67),"Sihang 'Annie' Cheng, Kelley Faith Barrett, Faith Barrett"
I Wish It Were You,2024–,7.4,(1K),"Jackson Tiller, Grace Woods Swanson, Karen Margaret Cole"
The Deal with Love,2024,7.5,(41),"Kendyl Twa, Fraser Murray, Joe Berg"
The Double Life of My Secret Husband,2024,7.5,(23),"Allen Williamson, Rieschel Nieboer, Jake Galluccio"
"Billionaire Twins: Daddy, Please Take Mommy",2024,7.6,(34),"Saana, Nic Westaway, Mitch G. Nel"
Stripper Nanny: Forbidden Romance with Mafia,2024,7.4,(57),"Sophia Delucchi, Levi Peterson, Simone Harris"
"Marry My Husband, Please!",2024,7.7,(49),"Crystal St John, Nicolas James Wilson, Ben Whalen"
Midnight Love,2023,,,"Natalia Sophia Gonzalez, Colton Carlson, Kylie Cunningham, Joseph Echavarria"
Revenge of the Abandoned Heiress,2024,8.1,(65),"Luke Brown, Christopher Quartuccio, Jean Evans"
Double Contract Love,2024,7.8,(54),"Casey Schryer, Jennings Brower, Jessica Ruth Bell"
Don't Tell My Boss I'm a Girl,2024,7.7,(68),"Katherine Smith-Rodden, Kelsey Susino, Felisha Cooper"
Stop Calling Me Miss,2024,6.9,(34),"JC Ann, Eliza Roberts, Paul Addison"
Mated to My Fiance's Alpha Daddy,2024,7.6,(149),"Emma Hullar, Nick Ritacco, Andrue Velarde"
Chasing My Rejected Wife,2024,7.2,(491),"Connor Tuohy, Haley Evans, Jackie McCarthy"
Spoiled by My Billionaire Husband,2023–2024,8.0,(93),"Nick Ritacco, Eddie Vincent, Patrick McDermott"
Spoiled by the Billionaire,2024,7.8,(58),"Sijing Yang, Sia Kravchenko, Kasey Esser, Sarah Iranca"
Spoiled by My CEO Husband,2024,8.5,(80),"Morgan Tate, Jennings Brower, Alexandria Watts"
Secretly Married to the CEO,2024,6.8,(26),"Bianca Buchholtz, Fraser Murray, Yago Borges"
My Gigolo Alpha,2024,7.8,(77),"Eric Guilmette, Glory Rodriguez, Keilah Jude"
Cherished by My Ex-Husband's Brother,2024,7.7,(75),"Brittany Marsicek, Paul Addison, Lawson Greyson"
The Heiress and Her Three Princes,2024,6.9,(59),"Emily Gateley, Freddy Piazza, Luca Greenspun"
Rejected Luna's Prince,2024,7.8,(92),"Emily Gateley, Myles Clohessy, Felisha Cooper"
A Matter of Sin and Love,2023,5.9,(265),"Lani Castle, Daniel Jongma, Hannah Macaulay"
My Heartless Alpha,2024–,8.4,(84),"Lil Safonova, Rebecca Stoughton, Ethan Kirschbaum"
Alpha's Perfect Love,2024,7.3,(119),"Mark Vega, Francesca Rowe, Brooklyn Benson"
My Hockey Alpha,2024,7.4,(85),"Chozy Aiyub, Grace Woods Swanson, Nicolas James Wilson"
Oops! I Married a CEO by Mistake,2024–,8.0,(87),"Kyra Wisely, Ryan Watson Henderson, Sia Kravchenko"
The Forbidden Love,2023,6.7,(23),"Monroe Cline, Alyssa Corella, Poonam Basu"
Vengeance and Untold Love,2024,5.7,(11),"Stuart Forbes, Austin Hunza"
"Dear Husband, Let's Get Divorced",2024,8.3,(30),"James Liddell, Raquel Woodruff, Kelsey C Lynn"
The Lady Boss Is Done Pretending,2024,7.6,(178),"Mariah Moss, Noah Fearnley, Paige Marie Smeltzer"
Return of the Abandoned Heiress,2024,6.5,(127),"Sophia Delucchi, Ben Taylor, Ray Buffer"
The Divorced Billionaire Heiress,2024,4.8,(1.1K),"Lawrence Shagawat, John Morgan, Mariah Moss"
The Birth of the Black Lotus,2024,7.3,(21),"Lil Safonova, Jean Evans, Aidan Browne"
