title,year,rating,review_count,stars,detail_url,storyline,genre1,genre2,genre3,release_date,country_of_origin,platform1,platform2,platform3,production_company
Perfect Love,2023,7.1,-113,"James Liddell, Clara Carlo, Ansley Hutchinson",https://www.imdb.com/title/tt30429530/,"Jewelry designer Ada Prescott's life hits a low point after her boyfriend cheats on her and her sister accuses her of plagiarism. Drunk, Ada accidentally marries Ian, but doesn't know that he is the same man she once saved from death.",Drama,Romance,,"December 10, 2023 (United States)",United States,GoodReels,GoodShort,,24K Onions
Billionaire CEO's Obsession,2023,7.4,-149,"Nick Ritacco, Griffin Blazi, Kyra Wisely",https://www.imdb.com/title/tt29160058/,Naomi who was born with a silver spoon in her mouth ended up poor because she was secretly swapped at birth by a backstabber.,Comedy,Drama,Romance,"August 5, 2023 (United States)",United States,GoodReels,GoodShort,,24K Onions
Love by Contract,2024,7.5,-220,"Rachel Coopes, Noah Fearnley, Preet Kaur",https://www.imdb.com/title/tt30036711/,"Nia's life turns upside down when Leo, a wealthy businessman, selects her to become his wife by contract. Juggling her newfound power and a manipulative half-sister, Nia must figure out what to do when her feelings start to become real.",Comedy,Drama,Romance,"January 26, 2024 (United States)",United States,GoodShort,GoodShort,,Astra Filmworks
Don't Challenge the Lady Billionaire,2024–2025,6.6,-193,"Rosa Singerman, Hunter Kohl, Mason Eaglin",https://www.imdb.com/title/tt33778588/,"A powerful CEO hides her identity for love, dedicating seven years to her boyfriend, Charles, only to be abandoned for profit. Seeking revenge, she enters a flash marriage with his boss, Tristian.",Romance,,,"September 29, 2024 (United States)",United States,GoodShort,,,Journey Entertainment
Will You Be My Love Again?,2024,8.2,-88,"Angela Barber, Les Mahoney, Joanne Zimbler",https://www.imdb.com/title/tt33454816/,"George, the heir to a wealthy family, was saved by Melody when they were children. He gave her a lucky necklace and promised to find her when they grew up and repay the favor.",Drama,,,"September 1, 2024 (United States)",United States,GoodShort,,,GoodShort
Fated Deal with the Mafia King,2024,8,-172,"Brittany Marsicek, Terry Stokes, Jake Hobbs",https://www.imdb.com/title/tt34131792/,"A mysterious man saves Molly's life after her sister and fiancé conspire to kill her. In order to save her mother's company and get revenge, Molly marries the man, who turns out to be the vicious mafia boss, Jack.",Action,Crime,Romance,"October 8, 2024 (United States)",United States,GoodShort,,,Tap Story
Bound to the Bastard Billionaire,2024,8,-65,"Joel Onesto, Lorenzo Brunetti, Quincey Leigh",https://www.imdb.com/title/tt31848367/,"Celine Anderson catches her boyfriend Daniel cheating with her half-sister Bella at a banquet. Seeking revenge, she kisses a stranger, Theodore Kane, who happens to be a major art investor and a billionaire.",Comedy,Romance,,"March 21, 2024 (United States)",United States,GoodShort,,,
Becoming My Ex's Mother-in-Law,2024,7.9,-81,"Alexandria Watts, James Liddell, Shane Palmer",https://www.imdb.com/title/tt32561346/,"After six years in prison for her boyfriend's crime, Crystal is released only to discover that he's engaged to the Governor's daughter. To take back her life, Crystal starts dating the Governor and becoming her ex's mother in-law.",Drama,Romance,,"June 13, 2024 (United States)",United States,,,,Big Pa Pictures
The Alpha's Rejected Mate,2023,6.8,-129,"Faith West, Nick Ritacco, Alex James",https://www.imdb.com/title/tt29666380/,"Young werewolf Mira, who was meant to be the Alpha's mate, becomes a tormented slave after being set up by a jealous rival to kill the Alpha's brother. But the Alpha King arrives to save her, later revealed to be her second chance mate.",Drama,Fantasy,Horror,"November 25, 2023 (United States)",United States,GoodReels,GoodShort,,24K Onions
"Dear Husband, Do You Remember Me?",2024–,8.1,-58,"Addison Bowman, JT Garcia, Andrea Adamson",https://www.imdb.com/title/tt33339567/,"An orphan boy turned Billionaire CEO, Noah Morgan has spent years searching for the girl who once saved his life, never realizing that she's been right by his side all along - as his overlooked contract wife and secretary, Mara.",Romance,,,"September 1, 2024 (United States)",United States,Official site,,,
My Ex Is a Secret Billionaire,2024–,6.5,-11,"Craig Walker, Erin Thomas, EchoPalo",https://www.imdb.com/title/tt30327936/,"Expelled from the elite Turner family, Lucy Turner stages a cheating scandal to save her boyfriend from debt, only to discover years later that he's now a billionaire, her boss, and engaged to her half-sister.",Drama,,,,Australia,,,,Frame Art Studios
"Whirlwind Marriage, Secret Twins",2024,8.5,-74,"Jana Skorpen, Neven Tomic, Mila Rose Boyd",https://www.imdb.com/title/tt34439369/,"Cute Kids to the rescue. Adorable twins, Amy and Caleb, find perfect Mom for their Billionaire CEO Dad to marry in a whim, only to find that she's their long lost biological mom.",Drama,Romance,,"November 1, 2024 (United States)",United States,GoodShort,,,
Destined Redemption,2024,7.2,-126,"Alexa Reddy, Lexy Reddy, Michael S. Brown",https://www.imdb.com/title/tt30826395/,"Bad boy with a heart of gold, Leo, comes into Joyce's life as she is recovering from an abusive relationship with now-incarcerated Harry. Joyce must learn to love again, when Harry's reappearance threatens to upend their relationship.",Drama,Romance,,"January 11, 2024 (United States)",United States,GoodShort,,,24K Onions
Love's U-Turn from a Mistake,2023,8,-54,"Jackson Tiller, Josh Stone, Erin Elle",https://www.imdb.com/title/tt28540853/,"Before a chaotic and mesmerizing party night, Madeline never imagined she would truly end up with Jeremy. After their unexpected marriage, however, they drift further apart.",Romance,,,"July 21, 2023 (United States)",,GoodReels,,,DenimStitch Creative
100% Destined for Your Love,2024,8.7,-63,"Leslie Scarborough, Sam Myerson, Kyra Wisely",https://www.imdb.com/title/tt34691753/,"Nina and Adam are both trying to flee from an arranged marriage tailor-made for them, but by the hand of fate, they end up meeting each other unprompted and making the spur-of-the-moment decision to get hitched. Adam, secretly a billionaire, goes all out to spoil Nina, leading to funny and sweet surprises on a daily basis as he tries to keep his uber-rich true identit... Read all",Romance,,,"July 26, 2024 (United States)",United States,GoodShort,,,Ideali Projects
My Second Husband's a Prince Charming!,2024,8.1,-120,"Darrell Philip, Richard Rivera, Carlos Vega",https://www.imdb.com/title/tt34183867/,"To avenge her disloyal husband and the vicious homewrecker, Ashley gets entangled with a sexy, enigmatic Mr. Big, who harbors special feelings for her.",Romance,,,"October 14, 2024 (United States)",United States,GoodShort,,,Phantom Visual
Echoes of Her Cry,2024,7.7,-22,"Hao Chen, Brittany Marsicek, Sam Schweikert, Kseniya Kareba",https://www.imdb.com/title/tt33434105/,"Emma watches her husband save his childhood sweetheart's daughter over his own in a fire, and sets out on a path of revenge.",Drama,,,"September 1, 2024 (United States)",United States,GoodShort,,,GoodShort
Love as I Remember,2024,8.5,-51,"Jennings Brower, Casey Schryer, Timothy Haug",https://www.imdb.com/title/tt33378984/,"Caught between the stability of Richard and the lingering allure of Cooper, Stella must decide whether to embrace a secure future or rekindle a flame from her past.",Drama,Romance,,"September 16, 2024 (United States)",United States,GoodShort,,,Ideali Projects
An Unreliable Guide on Dating Your CEO,2024,8.2,-85,"Griffin Blazi, Grace Woods Swanson, Jessica Jacoby",https://www.imdb.com/title/tt32869145/,"Lisa pretends to be the governor's daughter to sabotage a date with Alex, hoping he won't marry her. But when Alex becomes her new CEO and still wants to marry, her plan backfires.",Drama,Romance,,"July 11, 2024 (United States)",United States,,,,24K Onions
My Gift-Wrapped Billionaire,2024,7.1,-78,"Kyra Wisely, Jarred Harper, Christine",https://www.imdb.com/title/tt32748896/,"Vanessa stumbles upon amnesiac Daniel in a box believing he's her path to stardom. While evading his unhinged brother, he pretends amnesia to reclaim his firm, yet unexpectedly falls for Vanessa.",Drama,Romance,,"June 27, 2024 (United States)",United States,,,,
My Professor Is My Alpha Mate,2024,7.6,-87,"James Liddell, Alexandria Watts, Justin Slepicoff",https://www.imdb.com/title/tt32421464/,"Lila kisses a stranger to get back at her cheating ex-boyfriend, but it turns out to be Alpha, billionaire, and college Professor, Colton Denizen. The two must keep their relationship secret while uncovering the plot of the Rogue King.",Action,Fantasy,Romance,"May 21, 2024 (United States)",United States,GoodShort,,,Astra Filmworks
My Hockey Alpha,2024,7.4,-85,"Chozy Aiyub, Grace Woods Swanson, Nicolas James Wilson",https://www.imdb.com/title/tt32028414/,"After breaking up with her boyfriend, Nina has a one night stand with the star hockey player Enzo Rivers. Nina swears off of hockey players, but Enzo isn't done with her yet and is hiding a big secret.",Fantasy,Sport,,"April 18, 2024 (United States)",United States,,,,"24K Onions, Storypod Studio"
The Agreement,2024,8.4,-68,"Cypress Bai, M@tch, Ari White, Clara Carlo",https://www.imdb.com/title/tt30796562/,"To save her brother, Valentina is forced to become the wife of the emotionless mafia boss Alessandro. Tina is thrust into a world of violence and deception, but the biggest secret of all is that the Romano family have agreed to kill her.",Action,Crime,Drama,"January 4, 2024 (United States)",United States,GoodShort,,,"24K Onions, Storypod Studio"
My Secret Agent Husband,2024,7.4,-806,"Michael Naizu, Andrei Prunila, Bri Ana Wagner",https://www.imdb.com/title/tt32775546/,"To escape a forced political marriage, CEO's son Lucas fakes a gay marriage with undercover agent Wyatt, who is investigating his company. Their fake relationship turns real as they uncover secrets and face thrilling dangers.",Short,Comedy,Romance,"June 27, 2024 (United States)",United States,DramaBox,,,
My Secret Husband Is My Boss,2024,8.1,-98,"Cosette Hatch, Jake Hobbs, Kirby Ellwood",https://www.imdb.com/title/tt33094787/,"Kate unknowingly marries her boss Jack to secure her inheritance. Years later, when she seeks divorce, she discovers her husband is the man she's fallen for, leaving her to confront an unimaginable situation that could change her life.",Romance,,,"August 10, 2024 (United States)",United States,ReelShort,,,New Leaf Publishing I
My Secret Husband,2023,8.1,-15,"Angela Barber, Nick Checket, Jessica DeBonville",https://www.imdb.com/title/tt28642075/,"He's an orphan scorned by everyone. Just when he thinks he will spend his entire life like this, he unexpectedly crosses paths with the ""swan"" he have once secretly married.",Comedy,,,"August 7, 2023 (United States)",United States,GoodShort Official Website,the link of this series,,Legacy Pictures (II)
The Double Life of My Secret Husband,2024,7.5,-23,"Allen Williamson, Rieschel Nieboer, Jake Galluccio",https://www.imdb.com/title/tt33526347/,"The story is about how Sophia fake marries a billionaire Harrison who hides his true identity, but ends up falling in love with him over time.",Comedy,,,"September 29, 2024 (United States)",United States,SnackShorts's Youtube,,,Unreal Imagine
My Husband's Secret Wife,2018,4.7,-397,"Tamar Halpern, Helena Mattsson, Josh Kelly, Briana Evigan",https://www.imdb.com/title/tt7708146/,A married woman's life turns upside down when she learns her husband is married to another woman.,Thriller,,,"August 19, 2018 (United States)",United States,,,,Stargazer Films USA
A Love Prescription of Mr. Devil,2023,8.1,-19,"Tyler Johnson Ellis, Thedita Pedersen, Diane Box Worman",https://www.imdb.com/title/tt30089392/,"Jamie and Ethan's relationship is strong, despite Ethan's parent's disapproval, but their happily ever after blows up when Ethan is hit by a car. Desperate to resurrect her love, Jamie uses her witch powers to go back in time and save him.",Fantasy,Romance,,"November 15, 2023 (United States)",United States,GoodShort,,,Legacy Pictures (II)
The Alpha and His Contract Luna,2024,8,-42,"Denise Borraz Trepat, Michael Ursu, Chloë Julianne Moore",https://www.imdb.com/title/tt31066514/,"Lauren Turner is a werewolf who is struggling to contain the crazy wolf inside of her. But her life starts to change and gets even more complicated when the powerful Alpha, Sebastian Ashford, forces Lauren into a contractual marriage.",Action,Drama,Romance,"February 9, 2024 (United States)",United States,GoodShort,GoodShort,,"GoodShort, Storypod Studio"
Alpha of Aberdeen,2023,7.7,-34,"Zora Zou, Maddie Lane, Joe Solana Simon, Jasmine McLeish",https://www.imdb.com/title/tt29402016/,"Chloe, a reserved college student, has a werewolf friend Amelia, and she had no plans to bring herself into Amelia's world. But that all changes when Amelia invites her to the Aberdeen ball, where she meets the Alpha of the pack, Malachi.",Action,Romance,,"October 20, 2023 (United States)",United States,GoodShort,,,The Bad Kids Production
Jailed Bird,2023,5.9,-11,"Kaitlin Sanders, Derek Grauer, Chandni Shah",https://www.imdb.com/title/tt30827015/,"Hera has been hidden from the world by her abusive stepfather, until she enters the art department of Ston College and meets her classmates Brad and Yoanna. With the encouragement of her friends, Hera fights to free herself.",Drama,Thriller,,"October 31, 2023 (United States)",United States,GoodShort,,,The Bad Kids Production
Double Contract Love,2024,7.8,-54,"Casey Schryer, Jennings Brower, Jessica Ruth Bell",https://www.imdb.com/title/tt34183640/,"Renee marries Barret to obtain the inheritance of her deceased mother, only to find he's the man from her passionate night before. While battling her scheming half-sister at work, she must prove her identity, as she grows closer to Barret.",Romance,,,"October 15, 2024 (United States)",United States,DramaBox,Playlet Media,,"Coldfish Productions, Webeye"
Taking Love as a Contract,2024,,,,https://www.imdb.com/title/tt32029497/,"Xia Tian, an unknown actress, hustling for a living, takes a gamble to protect her grandmother's house by assuming the identity of the He family's heiress. Disguised as the ""princess,"" she aids Ji Chengxuan, the adopted son of the He family, in gaining recognition from his family. Triumphing over a series of challenges and doubts, they safeguard their respective familial bonds and unexpectedly discover love blossoms between them.",Drama,Romance,,,China,Baidu,,,
Forget Me Not: Omega's Return,2023,7.6,-78,"Livia Pillmann, Eric Guilmette, Kyle Fragnoli",https://www.imdb.com/title/tt29713955/,"In a world of moonlit secrets, Elena and Theodore, soulful werewolves, unite against their kind. To unearth the truth and protect their love, they forge an extraordinary, supernatural bond.",Romance,,,"October 17, 2023 (United States)",United States,GoodShort,,,Unreal Imagine
Reincarnated Love: Amy's Revenge,2024,7.2,-17,"Robin Åkerstrand, Katie Kay, Douglas Jung",https://www.imdb.com/title/tt30291912/,"Amy thinks she is going to marry the love of her life, businessman and her childhood sweetheart Skylor, but it turns out he only wants to wed her in order to get revenge on her family for the murder of his father.",Drama,Romance,,"February 27, 2024 (United States)",United States,GoodShort,,,G-ED Up Entertainment
Oops! I Married a CEO by Mistake,2024–,8,-87,"Kyra Wisely, Ryan Watson Henderson, Sia Kravchenko",https://www.imdb.com/title/tt31656781/,"Abigail's fiancé and stepsister gloat over their murder of her. Overhearing their plan, she marries a broke model named Henry as revenge. However, just as things are getting real between them, she finds out a shocking secret about Henry.",Comedy,Drama,Romance,"March 7, 2024 (United States)",United States,link to title on streaming platform,,,
Let Me Go My Queen,2023,7.9,-28,"Ashley Michelle Grant, Kyra Wisely, Felisha Cooper",https://www.imdb.com/title/tt29244611/,"A young man is sent back in time to ancient matriarchal Roman times, she is pursed by the many women, after using his knowledge and inventions from the future.",Comedy,Drama,Fantasy,"September 1, 2023 (United States)",United States,DramaBox,,,24K Onions
"After Divorce, Stripper CEO and I Dominate Hollywood",2024,7.9,-24,"Felix Merback, Lauren Bonham, Brooke Vanderdonck",https://www.imdb.com/title/tt32084225/,"A-list actor Judy's life is spiraling out of control when her divorce blacklists her from Hollywood and puts her millions of dollars in debt. Through a chance encounter with George Miles, the secret CEO of a major studio, Judy is able to regain her power and get revenge against the people working to bring her down, all while unexpectedly falling in love.",Comedy,,,"April 22, 2024 (United States)",United States,,,,Big Pa Pictures
CEO's Substitute Wife,2024,7.1,-67,"Sihang 'Annie' Cheng, Kelley Faith Barrett, Faith Barrett",https://www.imdb.com/title/tt32245089/,"After her twin's death, Ariel assumes Alice's identity to avenge her fiance's infidelity and manipulative family. Complications arise when Ariel marries Victor, forcing her to conceal her true self.",Drama,Romance,,"May 9, 2024 (United States)",United States,,,,
Love Is a Lullaby,2023,6.7,-8,Anina Net,https://www.imdb.com/title/tt34361034/,Add a plot in your language,Drama,,,"December 20, 2023 (United States)",United States,GoodShort,,,GoodShort
The Forbidden Love,2023,6.7,-23,"Monroe Cline, Alyssa Corella, Poonam Basu",https://www.imdb.com/title/tt28698592/,"Follows Jane Dunn, newly released from jail, who gets a job at a strip club in Los Angeles where she encounters Sean Stewart, the man who imprisoned her, forcing her to sign a contract at the club.",Drama,,,"July 12, 2023 (United States)",United States,GoodReels,GoodShort,,"Storypod Studio, The Bad Kids Production"
Profits Prophecy,2023,7.7,-7,"Josh Stone, Tiffany Chevonne, Jaysin Decora",https://www.imdb.com/title/tt30645041/,Add a plot in your language,Romance,,,"November 8, 2023 (United States)",China,,,,Reverse Clock Entertainment
The Double Life of My Billionaire Husband,2023,6.6,(2.8K),"Avery Lynch, Jarred Harper, Joe Zhang",https://www.imdb.com/title/tt29605443/,"Sebastian Klein, a renowned Klein family member, was rumored to be a loser after a prison stint. Natalie Quinn, unaware of the truth, married him, leading to a covert billionaire marriage.",Action,,,"June 27, 2023 (United States)",United States,ReelShort,,,New Leaf Publishing I
The Double Life of a Billionaire Heiress,2024,7.7,-284,"Haley Lohrli, Marc Herrmann, Braxton Angle",https://www.imdb.com/title/tt32395104/,"After three years of marriage, CEO Wes Sterling is convinced that his wife Kira is a cheating gold-digger. Fed up with Wes's accusations and mistreatments, Kira finally divorces him and re-embraces her true identity, a billionaire heiress.",Romance,,,"May 18, 2024 (United States)",United States,ReelShort,,,New Leaf Publishing I
You Belong with Me,2024,8.4,-402,"Emma Hullar, Eric Guilmette, Casie Maghran",https://www.imdb.com/title/tt32445735/,"Kristine seeks revenge on her abusive family and cheating fiance by seducing Henry, her fiance's uncle and heir to the Lockwood fortune, in a bold move that challenges societal norms.",Romance,,,"May 22, 2024 (United States)",United States,ReelShort,,,New Leaf Publishing I
Married at First Sight,2023,7.3,-390,"Autumn Noel, Ariel Yasmine, Chase Lawless",https://www.imdb.com/title/tt30523849/,"After supporting Vincent through law school, Summer is devastated when he leaves her for a wealthy woman. In retaliation, she marries a stranger who turns out to be billionaire CEO Christian Norton.",Drama,,,"December 17, 2023 (United States)",United States,ReelShort,ReelShort,,New Leaf Publishing I
Recipe for Faking a Marriage,2024,7.8,-124,"Kaitlin Sanders, Jesse Morales, Laura Karoubi",https://www.imdb.com/title/tt33725038/,"Humble baker Everly weds billionaire single dad Julian to help him keep custody of his daughter, but their fake marriage heats up fast as they fight off a jealous rival, a stalker ex-fiancé, and Julian's unhinged ex-wife's wicked schemes.",Romance,,,"October 8, 2024 (United States)",United States,ReelShort,ReelShort,,ReelShort
The Lost Prima Ballerina,2024,7.1,-116,"Neela Jolene, Eli Jane, Christopher Quartuccio",https://www.imdb.com/title/tt34237379/,"Wealthy heiress Amelia's kidnapped as a child by Jennifer, a waitress wanting a better life. Now a ballet star, Amelia endures her impostor ""family's"" bullying until the truth emerges and her real family seeks forgiveness.",Drama,,,"October 22, 2024 (United States)",United States,ReelShort,,,ReelShort
The Return of My Mafia Husband,2024,7.4,-36,"Sarah Louise Kane, Lennie Ross, Violet Bennett",https://www.imdb.com/title/tt34657180/,"Leo, a mafia don, and Olivia share a loving bond until Leo's accident. Years later, Olivia discovers Leo's criminal life, thrusting them into a dangerous world as they fight for their romance.",Crime,,,"October 16, 2024 (United States)",United States,ReelShort,,,New Leaf Publishing I
"OMG, I'm Surrounded by Princes",2024,7.6,-61,"Seth Edeen, Faith Orta, Molly Flanagan",https://www.imdb.com/title/tt34494866/,"A destitute vendor uncovers her royal heritage. As princes seek her out, her traitorous friend claims the princess identity. Amid peril, Prince Charles' protection sparks Erin's affection for her ""brother.""",Romance,,,"November 10, 2024 (United States)",United States,ReelShort,ReelShort,,ReelShort
"Sit Down, Be Humble",2024,7.4,-67,"Juliet Chevelle, Leif Erik Offerdahl, Skyla Lynne",https://www.imdb.com/title/tt33088308/,"Heiress hides identity to find genuine love. She falls for a charming man who later rejects her. Devastated, she reveals her wealth but faces disbelief. Will she find self-worth beyond societal validation?",Romance,,,"August 17, 2024 (United States)",United States,ReelShort,,,New Leaf Publishing I
"OMG, I Got Married in Vegas!",2024,7.6,-114,"Sarah Noelle, Richard Sharrah, Kyle Colton",https://www.imdb.com/title/tt33366255/,A rich CEO of a famous fashion company goes undercover to avoid an arranged marriage,Romance,,,"September 12, 2024 (United States)",United States,ReelShort,,,ReelShort
My Sugar-Coated Mafia Boss,2024,7.6,-165,"Marc Herrmann, Bri Ana Wagner, Christine",https://www.imdb.com/title/tt33306878/,"Athena, a pastry chef, rescues Dex, a mafia boss. Her heroic act is mistakenly credited to her friend. Unaware, Dex, grateful, becomes Athena's apprentice, determined to learn baking from her.",Romance,,,"August 31, 2024 (United States)",United States,ReelShort,,,ReelShort
The Devil Wears Desire,2024,7.7,-55,"K. Tappan, Hannah Lowery, Neven Tomic",https://www.imdb.com/title/tt34376328/,"A dying woman's heart entangles her between four men: her amnesiac first love, a guarded billionaire, a manipulative heir, and a crime lord with a mysterious heart transplant. Love, secrets, and survival hang in the balance.",Crime,Drama,Romance,"November 9, 2024 (United States)",United States,,,,
Lady Boss Takes on Vegas Bullies!,2024,7.6,-27,"Alicia Underwood, Skyla Lynne, Ellen Molina",https://www.imdb.com/title/tt34440639/,Add a plot in your language,Romance,,,"November 4, 2024 (United States)",United States,ReelShort,ReelShort,,ReelShort
Resisting Mr. Lloyd: An Age Gap Romance,2024,7.8,-145,"Richard Sharrah, Finley Riter, Sarah Moliski",https://www.imdb.com/title/tt34375959/,"Facing family pressure to marry, a college student's life changes when she meets a CEO who proposes a fake marriage in exchange for money to fulfill his grandmother's wish. An unexpected alliance forms as the CEO hides his identity.",Romance,,,"October 31, 2024 (United States)",United States,ReelShort,,,ReelShort
The Call Boy I Met in Paris,2024,6.6,-574,"Connor Tuohy, Alyona, Amanda Glass",https://www.imdb.com/title/tt32729968/,"Sophie met Justin seven years ago, but she doesn't remember who he is. As fate would have it, they reunite seven years later after a one night stand. She mistakens him for a callboy and asks him to fake marry her, but little does she know.",Romance,,,"June 5, 2024 (United States)",United States,ReelShort,,,ReelShort
The Virgin and the Billionaire,2024,6.7,-146,"Rebecca Stoughton, Aaron Russell, Lauren Bonham",https://www.imdb.com/title/tt34457809/,"A chance encounter leads to an extraordinary love story between Cindy, a woman from a difficult background, and the affluent Charles Kane.",Drama,Romance,,"September 10, 2024 (United States)",United States,ReelShort,ReelShort,,Snow Story Productions
The Secret of my Billion-Dollar Marriage,2024,8.3,-78,"Kelsey Maskell, Alistair David Herz, Kasey Esser",https://www.imdb.com/title/tt34498110/,"Heiress Emma and billionaire Lucas' lives intertwine after an awkward encounter, leading them to fake a marriage, navigating misunderstandings and clashes while unexpected feelings bloom.",Romance,,,"November 7, 2024 (United States)",United States,ReelShort,,,"Golden Infinity, New Leaf Publishing I"
Mr. Hill's Adorable Wife,2024,7.1,-148,"Meg Bush, Jesse Morales, Sheila Ball",https://www.imdb.com/title/tt33620450/,"A woman ostracized for a birthmark finds solace with a billionaire, but a tragic accident robs her memory. He unknowingly harbors her, their connection imperiled by dark pasts and secrets.",Romance,,,"October 5, 2024 (United States)",United States,ReelShort,,,ReelShort
Infatuated with the CEO,2024,7.9,-106,"Michael Cline, Haley Lohrli, Marc Herrmann",https://www.imdb.com/title/tt34720743/,"Successful businesswoman Emma has a one-night stand with her partner August after catching her fiance cheating. Despite wanting to break up, she's manipulated to stay, while August pursues her, hoping she'll give them a chance.",Romance,,,"November 1, 2024 (United States)",United States,ReelShort,ReelShort,,Crazy Maple Studio
His One and Only Love,2024,7.7,-123,"Autumn Noel, Jesse Morales, Circus-Szalewski",https://www.imdb.com/title/tt33818885/,"After having a one night stand with a billionaire CEO, a young, poor casino waitress becomes pregnant. He finds out, marries and spoils her, and punishes anyone from his life and hers, who comes after her.",Drama,,,"October 24, 2024 (United States)",United States,ReelShort,,,ReelShort
Breaking the Ice,2024,7,-755,"James C. Burns, Nicole Mattox, Seth Edeen",https://www.imdb.com/title/tt33015766/,"Caroline's first love Easton, now a hockey star, rehires her after 8 years. She never told him he fathered her child. Reunited, will she reveal the truth before it's too late?",Drama,,,"July 27, 2024 (United States)",United States,ReelShort,ReelShort,,ReelShort
VTuber Legend: How I Went Viral after Forgetting to Turn Off My Stream,2024–,5.7,-242,"Nana Nanato, Ayane Sakura, Hayden Daviau, Sarah Wiedenheft",https://www.imdb.com/title/tt32332792/,"VTuber Awayuki Kokorone's improper alter ego is accidentally revealed on stream, boosting her popularity. She decides to embrace this persona to become a star.",Animation,Comedy,,"July 7, 2024 (United States)",Japan,Official Twitter (Japan),Official Website,,TNK
After Cancer I Turn Into a Badass,2024,8.8,-44,"Violet Bennett, Bradley Meccariello, Ruby Griffin",https://www.imdb.com/title/tt34657188/,"A timid woman receives a wrong terminal diagnosis and transforms into a bold, revenge-seeking diva. As she settles scores with her oppressive family, her husband uncovers a shocking truth about his past.",Drama,,,"November 9, 2024 (United States)",United States,ReelShort,,,New Leaf Publishing I
Break My Heart Again,2024,8.3,-101,"Autumn Noel, Sam Myerson, Hannah Lowery",https://www.imdb.com/title/tt33059923/,"Former lovers reunite when Lucie becomes Felix's employee. As feelings resurface, past secrets threaten to divide them again unless Lucie reveals the truth behind their sacrificed love.",Drama,,,"September 3, 2024 (United States)",United States,ReelShort,,,ReelShort
"Baby, You Had It Coming",2024,6.7,-36,"Mia Wilson, Mike Jeffrey, Victoria Joliddie",https://www.imdb.com/title/tt33207505/,"After a fairy tale marriage turns nightmarish due to betrayals, billionaire heiress Ivy decides to reclaim her life and make her deceitful husband pay, unleashing her power and influence in an unforgiving pursuit of justice.",Romance,,,"August 21, 2024 (United States)",United States,ReelShort,,,ReelShort
"Dear Husband, Delete My Number",2024,7.7,-201,"Sarah Noelle, Marc Herrmann, Sarah Moliski",https://www.imdb.com/title/tt32752008/,"Emma's husband Elijah ignores her after her accident, choosing to be with his girlfriend Stella instead. When Stella gets pregnant, Emma divorces Elijah, taking nothing despite his assumption she's a gold-digger.",Comedy,,,"July 4, 2024 (United States)",United States,ReelShort,,,"New Leaf Publishing I, ReelShort"
We Are Never Ever Getting Back Together,2024,8.7,-282,"Molly Anderson, Jarred Harper, Tali Chart",https://www.imdb.com/title/tt32094394/,"After divorcing her neglectful CEO husband Aidan, Lisa accidentally sleeps with him incognito. Aidan then hires her as his secretary unaware of her identity, igniting a comedic pursuit. Will she reveal herself and give him another chance?",Comedy,Drama,,"May 11, 2024 (United States)",United States,ReelShort,,,"New Leaf Publishing I, ReelShort"
The Return of My Drama Queen,2024,8.7,-85,"Kåius Härrisøn, Monroe Cline, Jake Hobbs",https://www.imdb.com/title/tt32793199/,"Marie time-travels to 2024, reincarnated as Antonia, married to her lover. With a second chance, she aims to make her marriage work.",Romance,,,"June 29, 2024 (United States)",United States,ReelShort,,,New Leaf Publishing I
Love Ages Like Fine Wine,2024,7.6,-47,"Lawson Greyson, Ian S. Peterson, Andrew Cawley",https://www.imdb.com/title/tt33374442/,Add a plot in your language,Romance,,,"September 14, 2024 (United States)",United States,ReelShort,ReelShort,,ReelShort
Oh No! I Slept with My Husband!,2024,7.8,-105,"Brittany Marsicek, Ali Badalov, Kathryn Hollis Peters",https://www.imdb.com/title/tt31974713/,Add a plot in your language,Romance,,,"March 30, 2024 (United States)",United States,ReelShort,,,New Leaf Publishing I
Accidental Surrogate for Alpha,2024,7.7,-286,"Anna DeRusso, Luke Charles Stafford, Jesús Lloveras",https://www.imdb.com/title/tt33531697/,"Ella is deathly afraid of werewolves; now she's pregnant with one. Forced into a contract marriage with billionaire Alpha Dominic Moon, she must hide her identity to survive.",Fantasy,Horror,Romance,"October 1, 2024 (United States)",United States,ReelShort,,,ReelShort
I Accidentally Hired a Billionaire Husband,2024,7.5,-100,"Macy Faith Boren, Kasey Esser, R. Stoughton",https://www.imdb.com/title/tt32378180/,"This is on the app ReelShort. Emma, A struggling woman, hires, Oliver, a billionaire, to pose as her husband. She mistakes him for the man she hired online to be her fake husband, and they fall in love with each other for real..",Drama,Romance,,"May 15, 2024 (United States)",,,,,"Golden Infinity, New Leaf Publishing I"
I Accidentally Married a Billionaire,2024,8.1,-23,"Paul Matte, Cynthia Menard, Piyal Sarker",https://www.imdb.com/title/tt31380894/,Add a plot in your language,Drama,,,"May 1, 2024 (Canada)",Canada,,,,Union Film Group
Playing by the Billionaire's Rules,2024,7.8,-68,"Meg Bush, Hannah Record, Adam Wesley",https://www.imdb.com/title/tt33760543/,"Becky Jacobs has a three-year contract affair with Nick Walton under specific rules, including not falling in love. Both break this rule while facing pressure from Nick's mother, who wants him to marry for business reasons.",Romance,,,"October 9, 2024 (United States)",United States,ReelShort,ReelShort,,ReelShort
The Divorced Billionaire Heiress,2024,4.8,(1.1K),"Lawrence Shagawat, John Morgan, Mariah Moss",https://www.imdb.com/title/tt32982109/,"Isabella Moore meets Carson to celebrate their third anniversary, only to find out that he wants a divorce because he is marrying his lover on the same day.",Romance,,,"July 2, 2024 (United States)",United States,Daily Motion,,,"Journey Entertainment, ShortMax"
The Billionaire's Baby Bargain,2024,8,-187,"Magdalene Cherry, Daniela Couso, Richard Sharrah",https://www.imdb.com/title/tt31946810/,"Infertile Maya is accidentally impregnated with billionaire Colin's child. When he offers money to take the baby, an unlikely connection sparks between them. Can they overcome differences for the unexpected joy ahead?",Romance,,,"March 16, 2024 (United States)",United States,ReelShort,,,New Leaf Publishing I
My Mate Is a Vampire,2023,7.3,-28,"Ross Turner, Travis Long, Tatiana Turan",https://www.imdb.com/title/tt30797536/,"A werewolf cursed to never shift. A vampire with dark secrets. Kaiya and Talon are supposed to be mortal enemies, but what will the two do when the impossible happens and - they form a mate bond?.",Romance,,,"December 30, 2023 (United States)",United States,ReelShort,,,New Leaf Publishing I
Fated to the Alpha,2024,7.4,-400,"Maria Barseghian, Noah Fearnley, Rebecca Stoughton",https://www.imdb.com/title/tt32491236/,"A mistreated high school girl, rejected by her pack for lacking a wolf, joins a new one. She falls for her alpha superior, whose uncle wants her dead.",Fantasy,Horror,Romance,"May 29, 2024 (United States)",United States,ReelShort,,,New Leaf Publishing I
Fated to My Forbidden Vampire,2024,8.2,-92,"Brooke Moltrum, Nick Ritacco, Mia Grich",https://www.imdb.com/title/tt31512078/,"Theo's a vampire, he meets a servant, orphan Heather. They create a blood bond. T needs to drink H's blood each day to survive. But Heather's boss doesn't want her to be happy. She wants Theo for herself.",Fantasy,,,"March 9, 2024 (United States)",United States,ReelShort,,,New Leaf Publishing I
True Luna,2023,6.9,-201,"Grace Woods Swanson, Nicholas René Rodriguez, Ben Alencar",https://www.imdb.com/title/tt30346074/,"When Emma Parker turns 18, she learns that Logan Carter, the alpha of her pack, is her future mate. But her happiness is short-lived when Logan rejects her for another she-wolf.",Drama,Fantasy,Horror,"December 2, 2023 (United States)",United States,ReelShort,,,New Leaf Publishing I
Fatal Attraction,2023,6.4,(5.8K),"Alexandra Cunningham, Kevin J. Hynes, Joshua Jackson, Lizzy Caplan, Amanda Peet",https://www.imdb.com/title/tt14351748/,"A deep-dive reimagining of the classic 1980s thriller, exploring timeless themes of marriage and infidelity through the lens of modern attitudes toward strong women, personality disorders and coercive control.",Drama,Thriller,,"April 30, 2023 (United States)",United States,,,,"Amblin Television, Paramount Television Studios, Paramount Television"
Fatal Attraction: The Hybrid Princess,2023,7.8,-84,"Maria Barseghian, Adam Santa Cruz, Jake Golden",https://www.imdb.com/title/tt30428618/,"Natalie left everything behind to start a new life in the woods, until Alpha Jayce's invasion led to both her parents' deaths. Upon returning, Natalie learns that everything she knew about herself has been a lie.",Drama,,,"November 25, 2023 (United States)",United States,ReelShort,,,New Leaf Publishing I
The Alpha's Daughter,2023,7.3,-86,"Douglas Jung, Courtney Carl, Abigail Blythe",https://www.imdb.com/title/tt29605719/,"Daphne Sinclair was once the daughter of an alpha, her future seemingly secured by her lineage. However, the course of her life took a turn on her 18th birthday when her father was slain, and she found herself thrust into captivity.",Adventure,Drama,Fantasy,"October 14, 2023 (United States)",United States,ReelShort,,,"New Leaf Publishing I, ReelShort"
My Enemy Alpha,2023,8.5,-24,"Katherine Marsh, Kourtney George, Marcus Brodie",https://www.imdb.com/title/tt30422901/,"When you're forced to wed the dark and dangerous Alpha Ronan - your mortal enemy - you're sure you'll kill each other before you make it to the altar. But when a common enemy threatens to destroy your pack, will you accept that you are fated to one another? Or reap deadly consequences?",Drama,,,"November 4, 2023 (United States)",United States,ReelShort,,,New Leaf Publishing I
Fated to my Forbidden Alpha,2023–,6.5,-339,"Autumn Noel, Kasey Esser, John William DiCaro",https://www.imdb.com/title/tt28777411/,As two clans of werewolves battle for supremacy a young woman is thrown in between the cross-lines.,Drama,Fantasy,Horror,"August 25, 2023 (United States)",United States,Official Website,ReelShort - Official Website,,"New Leaf Publishing I, ReelShort"
Kiss Me One Last Time,2024,6.2,-131,"Hannah Record, Richard Trotter, John Palmer",https://www.imdb.com/title/tt32830679/,"A terminally ill wife feels neglected by her husband, who sees her as a gold-digger. When he discovers the truth, he tries to make amends and reconcile before it's too late, but she struggles to forgive his past indifference.",Romance,,,"July 6, 2024 (United States)",United States,ReelShort,ReelShort,,New Leaf Publishing I
Her Desired Alphas,2024,6.4,-30,"TJ Wilk, Robin Åkerstrand, Kristen DiMercurio",https://www.imdb.com/title/tt30422951/,Add a plot in your language,Drama,,,"January 25, 2024 (United States)",United States,ReelShort,,,New Leaf Publishing I
Prescription for Love,2019,6.3,(1.7K),"Brian Brough, Jillian Murray, Trevor Donovan, Jillian Joy",https://www.imdb.com/title/tt8890158/,"Nurse Claire's supervisor is intent on making her miserable. On a rare night off, she gets trapped in an elevator with a charming man. The next day she is introduced to him again but he does not recognize her.",Drama,Romance,,"January 2, 2020 (United States)",United States,,,,"Candlelight Media Group, Silver Peak Productions"
Where Is She?,2020,7.7,-24,"Lemarze Smith, Catalina Ariel, Brandon E. Brooks, Kubwa M. Brown",https://www.imdb.com/title/tt11841860/,"A woman goes missing after a volatile argument with her alcoholic boyfriend. As two detectives set out to crack this case by eliminating suspects, unusual happenings present themselves along the way.",Thriller,,,"May 15, 2020 (United States)",United States,,,,MikeMarze Entertainment
Exes & Owen,2020,,,"Gabriel Younes, Lily Lei, Reggie Luck, Charlie Mosey",https://www.imdb.com/title/tt13268490/,Add a plot in your language,Short,Drama,,"October 10, 2020 (United States)",United States,Distributor,,,American Black Market
"Darling, Please Come Home",2024,7.4,-46,"Casey Schryer, Josh Welles, Alani Waters",https://www.imdb.com/title/tt33483337/,It's about a girl named Leah finding out her birth family is the least expected people ever.,Romance,,,"September 24, 2024 (United States)",United States,ReelShort,ReelShort,,ReelShort
I Swapped Bodies with My Nemesis,2024,8.6,-76,"Skylar Fast, Tyler Johnson Ellis, Ashley BeLoat",https://www.imdb.com/title/tt33256570/,"After two business billionaire rivals swap bodies, they have to learn to walk into each other's shoes, fix their problems and Janessa's their lives. And they end up falling in love with each other.",Romance,,,"August 24, 2024 (United States)",United States,ReelShort,,,ReelShort
Fake It Till You Love Me,2024,8.2,-136,"William Gray, Sophia Delucchi, Luke Charles Stafford",https://www.imdb.com/title/tt33803172/,Caroline's one-night stand with her boss Edward leads to a fake marriage to avoid scandal. But navigating his cold family and dealing with his enemy brother tests their charade as genuine feelings arise.,Comedy,,,"October 17, 2024 (United States)",United States,ReelShort,,,ReelShort
Do Not Disturb: Lady Boss in Disguise!,2024,7.4,-123,"Grace Woods Swanson, Levi Peterson, Brooke Moltrum",https://www.imdb.com/title/tt32332033/,"To become the heiress of her family hotel chain, Violet Trenton goes undercover as a cleaning lady and takes out the troublemakers one by one. Will she succeed? And is her sexy new COO Kasey Johnson just a powerful ally, or something more?",Romance,,,"May 4, 2024 (United States)",United States,ReelShort,,,New Leaf Publishing I
Submitting to My Best Friend's Dad,2024,7.5,-92,"Marc Schöttner, Sarah Moliski, Haley Evans",https://www.imdb.com/title/tt32460206/,"Becca's summer fling with Tally's father James takes an unexpected turn, entangling her in a whirlwind of forbidden passion. As she navigates the line between desire and deceit, will her secrets unravel everything she holds dear?",Drama,,,"May 21, 2024 (United States)",United States,DreameShort,,,EGlobal Creative Publishing
Art of Falling in Love,2019,6,-647,"Justin G. Dyck, Kimberly-Sue Murray, Josh Dean, Kelly Bishop",https://www.imdb.com/title/tt9892388/,An artist painting a mural on a new hospital wing falls for the project's architect but worries he may not want to be with her if she reveals the unfortunate story behind her secret bucket list.,Romance,,,"August 10, 2019 (United States)",Canada,,,,"Brain Power Studio, HQ 11 Art of Falling"
The CEO's Tempting Secretary,2024,7.3,-149,"Noah Fearnley, Tyler Scherer, Noémi VanSlyke",https://www.imdb.com/title/tt33034568/,"A mistress dispeller hired to expose Elric's infidelity discovers Hollis Mafia family plots. As she falls for both Elric and Cyrene's uncle Talos, Aelia becomes entangled in desire and mob schemes.",Drama,,,"July 24, 2024 (United States)",United States,ShortMax,ShortMax,,Bluesky Studio
"Drop the Act, I'm the True Heiress",2024,6.9,-28,"Serena Profaci, Raffi Manjikian, Katie Harmon",https://www.imdb.com/title/tt33333410/,Add a plot in your language,Romance,,,"September 5, 2024 (United States)",United States,ReelShort,ReelShort,,ReelShort
In Bed with Your Lies,2024,7.4,-45,"Brittany Marsicek, Jordan Wolf, Lukas Silva",https://www.imdb.com/title/tt33056157/,Add a plot in your language,Comedy,Romance,,"September 17, 2024 (United States)",United States,ReelShort,,,ReelShort
"Caution, Cute Baby Alert!",2024,8.5,-94,"Jake Hobbs, Skylar Fast, Lil Safonova",https://www.imdb.com/title/tt33037767/,A woman who had a one-night stand thought she lost her baby to SIDS. Years later a boy claims he's her mom. She falls in love with his dad and they get married. Conflict ensues with the woman's family and the man is hiding a secret.,Romance,,,"July 24, 2024 (United States)",United States,ReelShort,,,New Leaf Publishing I
Return of the Lost Heiress,2024,7.9,-75,"Alyssa Gonzalez, Eli Jane, Johnny Briseño",https://www.imdb.com/title/tt32982457/,"After her father's death, Lana becomes mute. She gets lost fleeing from a corrupt guard trying to sell her. Ron adopts and loves her. Years later, her birth family searches for her but mistreats her, unaware of her identity.",Drama,Family,,"July 17, 2024 (United States)",United States,ReelShort,ReelShort,,New Leaf Publishing I
Duke with Benefits,2024,7.6,-143,"Ryan Watson Henderson, Kristine Kay Larsen, Andrei Prunila",https://www.imdb.com/title/tt32574645/,"Taylor follows her crush to college but gets heartbroken when he hooks up with her roommate. An English lord helps her by letting her stay at his mansion, where she struggles to remain just friends with the charming playboy.",Romance,,,"June 8, 2024 (United States)",United States,ReelShort,,,New Leaf Publishing I
Her Secret Crusader,2024,6.6,-21,"Ben Bladon, Christian Brunetti, Scot Cooper",https://www.imdb.com/title/tt34060675/,"Lyndon was the City's hero. After freeing the City from danger, he hid his identity to protect his girlfriend, Tatiana, from harm. Now City Hall is once again in danger as the Sewer rat returns to take it down.",Romance,,,"October 3, 2024 (United States)",United States,ReelShort,,,New Leaf Publishing I
"Lights, Camera, Action!",2024,8.7,-89,"Cosette Hatch, Sam Myerson, Diane Box Worman",https://www.imdb.com/title/tt33457024/,"Clyde enlists small time actress, Violet, to play the role of his long-lost sister in an attempt to fulfill his dying father's wish, but they inadvertently develop a forbidden romance.",Romance,,,"September 21, 2024 (United States)",United States,ReelShort,,,ReelShort
The Heiress Strikes Back,2024,7.8,-77,"Meg Bush, Preston Fox, Zachary Holmes",https://www.imdb.com/title/tt33014128/,"A gold digger, or a soul yearning for true love?",Romance,,,"July 20, 2024 (United States)",United States,ReelShort,,,New Leaf Publishing I
Freeze! My Wanted Lover,2024,7.3,-87,"Kasey Esser, Nick Ritacco, Christine Havens",https://www.imdb.com/title/tt32896677/,"Determined officer Sameen infiltrates a mafia to avenge her father's murder. Getting close to ruthless leader Vincent, their romance exposes dark secrets, forcing an escape and life on the run.",Romance,,,"July 12, 2024 (United States)",United States,Freeze! My Wanted Lover,Shot Short Official Website,,
You've Got Male,2024,8.5,-164,"Emily Gateley, Mario Alverson, Luke Charles Stafford",https://www.imdb.com/title/tt32904194/,"After Leila's husband cheats on their wedding day, she accidentally sleeps with escort Mark, who's really billionaire Matthew. As feelings develop, his double life creates complications.",Romance,,,"July 13, 2024 (United States)",United States,ReelShort,,,New Leaf Publishing I
The Billionaire's Accidental Bride,2024,8.1,-10,"Lexi Collins, Sam Schweikert, Amber Overbay",https://www.imdb.com/title/tt33225504/,Add a plot in your language,Drama,,,"May 1, 2024 (United States)",United States,,,,Hostage Film
Trevor and the Virgin,2019,3,-239,"Jeff Jenkins, Chloe Ray, Dylan Rourke, Elizabeth Posey",https://www.imdb.com/title/tt10061646/,"Martha meets Trevor, as they both head to the dirtiest party of their lives which turns Martha into something else.",Short,Romance,,"March 15, 2019 (United States)",United States,Trevor & The Virgin Trailer,,,"Hooked, One Fox Two Fox"
The CEO's Contract Lover,2024,7.6,-41,"JC Ann, Sam Schweikert, Shay Dinneen",https://www.imdb.com/title/tt33249801/,Add a plot in your language,Drama,,,"August 22, 2024 (United States)",United States,Kalos TV,,,Flutter Brothers Productions
In Love with Dr. Baby Daddy!,2024,7.1,-111,"Mariah Moss, Marc Schöttner, Ellen B. Williams",https://www.imdb.com/title/tt32604355/,"Fueled by the sting of betrayal from her selfish ex, Jade Lancaster dives headfirst into her surgical residency, determined to prove him wrong. But what she didn't expect was to collide with her resident supervisor in a steaming hot ONS.",Romance,,,"June 12, 2024 (United States)",United States,ReelShort,,,New Leaf Publishing I
30 Days Till I Marry My Husband's Nemesis,2024–,7.9,-226,"Christi Glass, Jeanne Solange Ramin, Mark Vega",https://www.imdb.com/title/tt30505447/,"Blair was killed by her husband, and his mistress, her cousin for her money. She wished to do it over again, then she is sent to 5 years in the past so she can get her revenge, by being with his rival. They work together and fall in love.",Drama,,,"January 6, 2024 (United States)",United States,Official streaming site,,,New Leaf Publishing I
Do Me Over,2023,7.8,-45,"Grady Eldridge, Rose Marie Guess, Eugenia Tempesta",https://www.imdb.com/title/tt23054184/,"Grief-stricken widow Sarah battles to save her company from corporate raider Ethan, learning she's pregnant with his child. Amidst pain and drama, she finds a path towards happiness.",Drama,Romance,,"January 10, 2023 (United States)",United States,,,,
My Husband Killed Me and Then I Won the Megaball,2023,7.5,-45,"Alexandra Shydlovska, Ryan Watson Henderson, Anuschka van Lent",https://www.imdb.com/title/tt31463405/,"Adoria Cummins gets murdered by her husband and is taken back in time. She uses the knowledge from her previous life to get revenge on all those who wronged her, starting with winning the Mega ball. Then comes Elijah Snyder, a lawyer who seems to have her best interest in mind, but there's just something about him... that seems too familiar.",Drama,Romance,,"May 1, 2023 (United States)",,,,,Salon de Paprika
Fatal Temptation: Between Two Alphas,2023,7.4,-68,"Daniela Couso, Freddy Piazza, Ethan Kirschbaum",https://www.imdb.com/title/tt28972104/,"Mia's life as the future Luna couldn't have been more idyllic, until a mysterious witch emerges, boldly declaring herself as the destined mate of the Alpha.",Action,Drama,Fantasy,"August 23, 2023 (United States)",United States,ReelShort,,,"New Leaf Publishing I, ReelShort"
I Married as the Replacement Bride,2024,7.5,-53,"Blake Studwell, Ren Muccino, Ethan Vaughan, John D. Babcock III",https://www.imdb.com/title/tt30956588/,"To protect your sister, you married the most feared mafia don in the world. He's a monster, known for killing all of his brides on their wedding nights.",Mystery,,,"January 17, 2024 (United States)",United States,,,,Crazy Maple Studio
The Three Badasses Who Want Me,2024,7.3,-44,"Jessica Jacoby, Ethan Vaughan, Mike Jeffrey",https://www.imdb.com/title/tt33054249/,"Dumped by her cheating, incompetent husband, Angela Lockhart, secretly a billionaire, finds herself in a shocking bachelorette-style setup where her parents present her with 3charming, accomplished fiance candidates vying for her heart.",Romance,,,"July 31, 2024 (United States)",United States,ReelShort,,,New Leaf Publishing I
Knight in Shining Suit,2024,7.8,-64,"Alice Bahlke, Tess Riley, Vico Ortiz",https://www.imdb.com/title/tt32648573/,"After her fiancé impregnates her step-sister, heartbroken Astrid rushes off to get drunk and forget her troubles. Instead she runs into Clyde, a bartender that looks exactly like her high-school sweetheart Ryder, who left her heartbroken.",Romance,,,"June 22, 2024 (United States)",United States,ReelShort,,,"New Leaf Publishing I, New Leaf Publishing, ReelShort"
"Married for Greencard, Stayed for Love",2024,8,-143,"Ashley Michelle Grant, John Palmer, Avery Lynch",https://www.imdb.com/title/tt31113336/,"Simon's brother urgently needs a bone marrow match. The perfect donor is none other than Leslie, who, in turn, needs a green card. Their lives become intertwined, leading to unexpected feelings and genuine connection.",Romance,,,"February 3, 2024 (United States)",United States,ReelShort,,,New Leaf Publishing I
All the Wrong Reasons,2024,7.5,-56,"Autumn Noel, Josh Stone, Ashley Brinkman",https://www.imdb.com/title/tt32648584/,Add a plot in your language,Romance,,,"June 19, 2024 (United States)",United States,ReelShort,,,"New Leaf Publishing I, New Leaf Publishing, ReelShort"
"Goodbye, My CEO",2023,7.2,-132,"Maryana Dvorska, Kasey Esser, Nic Caruccio",https://www.imdb.com/title/tt29408825/,"James Knight, sexy, rich, and totally off limits. Dating him might destroy your career, but loving him will certainly break your heart. Because what's worse than knowing you want something, besides knowing you can never have it?",Action,Crime,Drama,"August 28, 2023 (United States)",United States,ReelShort,,,New Leaf Publishing I
"Ms. Swan, Teach Me Love",2024,8.3,-70,"Candace Mizga, Hannah Lowery, Sarah Moliski",https://www.imdb.com/title/tt31122319/,"Charlotte Swan's put the past behind her to focus on her new job at the prestigious St. James Academy. Everything changes when Timothy Wolfe, king of the school, decides that he wants her.",Romance,,,"February 10, 2024 (United States)",United States,ReelShort,,,"New Leaf Publishing I, ReelShort"
The Art Collector,2019,9,-6,"Nora Jobling, Jack Turner, Kristen Vaganos",https://www.imdb.com/title/tt11290700/,"Facemask, bathrobe, and...incoming video call?. Mia thought this job interview was audio only.",Short,Romance,,"September 15, 2019 (United States)",United States,,,,Boxes are for Squares
Snatched a Billionaire to Be My Husband,2024,7.8,-737,"Grace Woods Swanson, Jarred Harper, Courtney Lynn Green",https://www.imdb.com/title/tt30782199/,"Cora, once a billionaire heiress, is now bankrupt. As she struggles to support her ill mother, a cold-hearted billionaire falls for her, giving Cora a chance at reclaiming her life. They find true love, proving it transcends wealth.",Drama,Fantasy,Romance,"January 20, 2024 (United States)",United States,ReelShort,,,"Crazy Maple Studio, New Leaf Publishing I"
Runaway Princess Bride,2024,8,-148,"Brittany Pirozzoli, Luke Charles Stafford, Nickolas Natali",https://www.imdb.com/title/tt33504713/,A runaway bride is saved by a prince. But it is NOT fate nor fairy tale. He's hunted her down because she's the key to saving his troubled kingdom.,Drama,Romance,,"September 28, 2024 (United States)",United States,ReelShort,,,ReelShort
"Big Bad Husband, Please Wake Up!",2023,7,-155,"Samantha Drews, Roman Chsherbakov, Matt McGee",https://www.imdb.com/title/tt23054572/,"The youngest daughter of the Mitchell family, Ciara, is forced to marry the son of a powerful allied family, Adrian Lewis. The problem is that he is in a coma and Ciara is to be married under the name of her half-sister Flora.",Drama,,,"January 10, 2023 (United States)","United States, Mexico",,,,ReelShort
Escorting the Heiress,2024,8.1,-312,"Ashley Michelle Grant, Noah Fearnley, Sarah Moliski",https://www.imdb.com/title/tt31323517/,"The morning after her fiance' dumps her, Serena wakes up next to a hot escort who might solve her problem.",Drama,,,"February 15, 2024 (United States)",United States,ReelShort,,,New Leaf Publishing I
Curse of the Dragon King,2024,7.8,-55,"Mario Silva, Isabella De Souza Moore, Jolene Andersen",https://www.imdb.com/title/tt31416330/,"In a world where every Dragon King faces a fatal destiny, one servant holds the key to breaking the curse. But how can a mere mortal navigate the treacherous waters of forbidden love to defy destiny itself?",Romance,,,"February 24, 2024 (United States)",United States,ReelShort,,,New Leaf Publishing I
Spoiled by the Billionaire,2024,7.8,-58,"Sijing Yang, Sia Kravchenko, Kasey Esser, Sarah Iranca",https://www.imdb.com/title/tt33090476/,Add a plot in your language,Romance,,,"August 9, 2024 (United States)",Canada,,,,Union Film Group
How My Boss Became My Hubby,2023–,7.4,-52,"Jey Reynolds, Kirsten Schaffer, Joanna Marie Hobbie",https://www.imdb.com/title/tt27122411/,Add a plot in your language,Drama,,,"May 15, 2023 (United States)",United States,Website,,,
The Billionaire's Masquerade,2024,7,-70,"Christine Oswald, Tyler Johnson Ellis, Hailey Swartwout",https://www.imdb.com/title/tt33269426/,"What happens at Mardi Gras stays at Mardi Gras, unless Sgt. Shelby Trudeau unknowingly marries a homeless man, not realizing he's actually billionaire Griffin Roy. Now they're caught in a whirlwind of love, secrets and hidden identities.",Romance,,,"August 3, 2024 (United States)",United States,The Billionaire's Masquerade Full Movie,,,ReelShort
"Baby, Just Say Yes!",2024,8.1,-95,"Brittney Rae, Alex Trumble, Thomas King",https://www.imdb.com/title/tt32730305/,"Betrayed by her fiance and her own sister, Victoria Branson marries Teddy Lloyd without knowing his real identity - a secret billionaire. Together, they have to stand up against Victoria's evil family, take back her mother's company and.",Romance,,,"April 27, 2024 (United States)",United States,ReelShort,,,ReelShort
Bound by Vendetta: Sleeping with the Enemy,2023,7.7,-216,"Marc Herrmann, Addison Bowman, Lobat Asadi",https://www.imdb.com/title/tt30318174/,"Daiana thought Enzo was the love of her life until he murdered her entire family. Captured by the enemy, Daiana would face the consequences of hatred, find the impossible strength for forgiveness, and experience the cruel side of love.",Drama,,,"November 11, 2023 (United States)",United States,ReelShort,ReelShort,,New Leaf Publishing I
We Will Love Again,2024,7.3,-236,"Seth Edeen, Alena Savostikova, Christine",https://www.imdb.com/title/tt31122590/,"Engaged couple Alaina and Noah split when she claims his lack of success is the reason. Five years later, he returns wealthy, aiming to show her what she missed, but unraveling the true story behind their love.",Romance,,,"February 17, 2024 (United States)",United States,ReelShort,,,"New Leaf Publishing I, ReelShort"
The One That Got Away,2024,6.7,-114,"Catherine Tregenna, Marc Herrmann, Sarah Brooks, Danny Farber",https://www.imdb.com/title/tt31974731/,A woman devoid of love encounters her first love. Will she stay faithful or yield to desire?,Crime,Drama,,"March 23, 2024 (United States)",United States,ReelShort,,,New Leaf Publishing I
The Reborn Wife's Redemption,2023,7.4,-49,"Alexandria Watts, Ethan Kirschbaum, Annie Sullivan",https://www.imdb.com/title/tt29605629/,"After the painful revelation that she had directed her lifelong hatred towards the wrong man, Elena took her last breath in the loving embrace of her husband, Marcus. In a remarkable twist of fate, Elena found herself transported back in time. In this new chapter of her life, she was determined not to harbor any resentment toward her husband. Instead, she vowed to bec... Read all",Action,Drama,Romance,"July 18, 2023 (United States)",United States,ReelShort,ReelShort,,New Leaf Publishing I
"Love Me, Bite Me",2024,8.2,-70,"Jackie Green, Andrew Keives, Samantha Drews",https://www.imdb.com/title/tt30797519/,"A centuries-old vampire alliance is threatened when Alarik Tepes develops feelings for a human waitress, Sammantha Evans, causing tension and leading to an eventful New Year's Eve.",Drama,,,"January 10, 2024 (United States)",United States,ReelShort,,,New Leaf Publishing I
My Gorgeous Wife Is an Ex-Convict,2023,7.4,-56,"Nova Gaver, Ryan Watson Henderson, Sophie Jordan Collins",https://www.imdb.com/title/tt29605655/,"Unjustly convicted of murdering her fiance's sister, Brielle serves 3 years. Post-release, she meets enigmatic Jay, who aids her quest to prove innocence, though his intentions seem questionable.",Action,,,"July 20, 2023 (United States)",United States,ReelShort,ReelShort,,New Leaf Publishing I
Cross My Heart and Hope to Die,2023,6.8,-44,"Sam Manacsa, Jorrybell Agoto, Rexon Anyayahan, Aje Candelaria",https://www.imdb.com/title/tt28768830/,Mila struggles as she remains unpaid at work and a love interest becomes a source of comfort through his constant phone calls. But a promise of hope may also lead to tragedy and sad love songs.,Short,Comedy,Drama,"July 12, 2024 (United States)",Philippines,Cinemalaya,,,
One Night Stand,2023,7.5,-44,"Pimprapa Thangprapaporn, Esther Supreeleela, Sutatta Udomsilp",https://www.imdb.com/title/tt28259092/,No-string-attached sexual relationships. Who would know that one night could change your lives forever? Who's a friend? Who's a murderer? Who will speak the truth? Who's lying? Only God knows.,Drama,Thriller,,"August 18, 2023 (Thailand)",Thailand,,,,Change 2561
Love the Way You Lie,2024,7.4,-367,"Grace Woods Swanson, Myles Clohessy, Maxwell David Marcus",https://www.imdb.com/title/tt33337564/,"Molly's sister didn't just swipe her boyfriend Connor-she also snatched her inheritance, leaving Molly high and dry. Fueled by alcohol and vengeance, Molly hatches a wild plan: seduce Connor's attractive uncle, Adrian.",Romance,,,"September 2, 2024 (United States)",United States,DramaBox,,,"Loomlight Production House, Drama Box"
The Mafia's Obsession,2024,7.9,-346,"Elliott Eason, Lucas Wilson, Terry Bird",https://www.imdb.com/title/tt34662008/,"Augusto Castro tries to prevent his sister Alice's marriage, arranged 15 years ago due to a pact. He agrees to marry notorious mob boss. unaware it's a trap set by Pietro.",Drama,Romance,,"October 30, 2024 (United States)",United Kingdom,DramaBox,,,Onset Octopus
Waking Up Married to My Crush,2024,7.5,-180,"Bogdan Ruban, Ruslan Miroshnychenko, Anastasia Ivaniuk",https://www.imdb.com/title/tt34527841/,"Jasmine awakens married to her college crush Patrick but amnesiac, forgetting her past few years. Determined to reclaim her identity beyond a subservient wife, her transformation helps Patrick fall for the real her again.",Drama,Romance,,"November 5, 2024 (United States)",United States,DramaBox,,,AMO Pictures
Falling in Love with the Rascal in a Suit,2024,7.6,-182,"Rebecca Stoughton, Mark Vega, Matthew Layton",https://www.imdb.com/title/tt33507788/,"Betty has to work two jobs for her mom. She is both a stripper and a hotel cleaner. One night, Marcus, the infamous mob boss, enters Betty's club, hoping to regain his ""man power"". Every woman is a disappointment, except for Betty.",Crime,Romance,,"September 6, 2024 (United States)",United States,DramaBox,,,"Drama Box, Narval Films, YRBW Productions"
The Best Mistake Ever,2024,8.2,-83,"Jarred Harper, Dominique Rose, Jared Harper",https://www.imdb.com/title/tt34126174/,"NIA has a one night stand with fashion empire owner, JAMES, and he mistakes Nia's BFF, SELINE, for the girl he spent the night with. As Seline and Nia both serve as his assistants, the web of friendship and love gets beyond entangled.",Romance,,,"November 5, 2024 (United States)",United States,DramaBox,,,"Storypod Studio, Drama Box"
From Contract Lover to the Billionaire's Bride,2024,6.9,-611,"Evey Yu, Jackson Tiller, Kyra Wisely, A. BeLoat",https://www.imdb.com/title/tt33306109/,Chloe's fiance Mason dumps her to marry wealthy Sophia. He frames Chloe's father for his crimes. Lawyer Ethan initially dislikes Chloe but they team up when he agrees to defend her father to protect his sister.,Romance,,,"August 29, 2024 (United States)",United States,,,,Production House 8
After Divorce: I Become Heiress,2024,7.4,-44,"Elijah Van Zanten, Jesse Gallagher, Jeff Lawless",https://www.imdb.com/title/tt33995759/,"Sally is a real wealthy heiress, her husband cheated on her and divorced. As a counterattack, Sally married Aiden in a flash. The new couple joined hands and tackled with all the snobbish scumbags who tried to humiliate and suppress them.",Drama,,,"August 8, 2024 (United States)",United States,Looking for something to watch during your daily commute. Look no further than our Dramabox!,,,"Fame Media, Fame Video Production Studio"
Fated to My Cruel CEO,2024–,7.7,-98,"Kasey Esser, Autumn Noel, Mark Pontarelli",https://www.imdb.com/title/tt32546838/,"Helen and Algar escaped an orphanage and embarked on separate journeys, with only their hearts connected by a promise that refuses to break. A fated reunion filled with love, secrets and echoes of their past.",Drama,,,"June 3, 2024 (United States)",United States,link to title on streaming platform,,,
My Heartless Alpha,2024–,8.4,-84,"Lil Safonova, Rebecca Stoughton, Ethan Kirschbaum",https://www.imdb.com/title/tt32634246/,"Rejected by her mate and cast out of her werewolf pack, Avery meets Ryan, the feared Alpha of the largest wolf pack in America. Despite the rumor of him being heartless, she finds herself falling for him, with an uncertain fate ahead.",Romance,,,"June 14, 2024 (United States)",United States,link to title on streaming platform,,,
How I See Through You,2024,6.8,-22,"Felix Merback, Faith West, Chanda Davetas",https://www.imdb.com/title/tt32187534/,"Mia, a livestreaming influencer, arrives at a supposedly haunted hotel in search of more clicks, where she meets Roland and reveals the fate of their past life.",Fantasy,,,April 2024 (United States),United States,,,,Zose Media
Sleeping Handsome,2023,7.3,-60,"Troy Dillinger, Julian Dane, Rob Shiells",https://www.imdb.com/title/tt28684439/,"Avery, a struggling call girl, seizes the chance to marry the sole heir of the rich Waldorf family to earn money for her mother's medical bills.",Drama,,,"August 1, 2023 (United States)",United States,,,,"Drama Box, Reverse Clock Entertainment"
The Return of the Unwanted Wife,2024,7.7,-104,"Christine Havens, Eric Guilmette, Vivian Holdsworth",https://www.imdb.com/title/tt32904273/,"Kaylee sells her soul to Lucifer for her husband's career. Five years later, he divorces her and Lucifer returns to claim her soul. Their daughter Sophie, abused by her stepmother, makes a deal with Lucifer for her mother's return.",Drama,Fantasy,Thriller,"July 13, 2024 (United States)",United States,ShortMax,ShortMax,,"ShortMax, Time Span Entertainment"
One Fateful Night with My Boss,2024,7.5,-236,"Cosette Hatch, Ryan Watson Henderson, Crystal St John",https://www.imdb.com/title/tt32316641/,"Six years after a one-night stand with a stranger, Anita returns to the city with her son, who starts calling her new boss ""dad"". Could this charming CEO be the father?",Drama,,,"May 6, 2024 (United States)",United States,DramaBox,,,"Bad Larry Productions, Drama Box"
Mated to My Fiance's Alpha Daddy,2024,7.6,-149,"Emma Hullar, Nick Ritacco, Andrue Velarde",https://www.imdb.com/title/tt33303517/,Add a plot in your language,Drama,,,"August 29, 2024 (United States)",United States,DramaBox,DramaLet,,AC Prochi Productions
Mafia's Good Girl,2024,6.8,-705,"Jackson Tiller, Sia Kravchenko, Victoria Martzloff",https://www.imdb.com/title/tt32893019/,"Kidnapped by the mafia king, innocent Bella enters a brand new world and discovers a new self. Could this be love, or is it just Stockholm syndrome?",Drama,,,"July 5, 2024 (United States)",United States,DramaBox,,,"AC Prochi Productions, Drama Box"
Spoiled by Four Billionaires,2024,7.7,-100,"Kirby Ellwood, Elijah Van Zanten, Mary Foster",https://www.imdb.com/title/tt33479844/,"A woman is courted by four billionaires vying for her affection through luxurious gestures and romance. Caught in a whirlwind of passion and competition, she must choose her heart's desire.",Drama,,,"September 22, 2024 (United States)",United States,DramaBox,,,Won the Lens
"Revenge Marriage, Sweet Love",2023,6.7,-349,"Jarred Harper, Emma Kotos, Rebecca Tarabocchia",https://www.imdb.com/title/tt29294554/,"Cate's sister Rebecca had stolen her boyfriend Ethan and stripped her of her inheritance. Fueled by desire for revenge, a drunken Cate decided to seduce Ethan's handsome uncle Shaun who later was ignited by Cate and fell madly in love.",Romance,,,"September 1, 2023 (United States)",United States,,,,AC Prochi Productions
Rebel in Devil's Shackle,2023,6.3,-123,"Jackson Tiller, Sofia López, Jason Morciglio",https://www.imdb.com/title/tt30524179/,"Aristocrat Nina Morgan unwittingly gets entangled with mafia lord Max Luther in a dangerous game of riches. Once privileged, she's now dragged into his sinister world of pleasure and pain.",Drama,,,"August 8, 2023 (United States)",United States,GoodShort,Official YouTube,,Reverse Clock Entertainment
Flash Marriage with My Werewolf Husband,2024,8,-163,"Summer Soderstrom, Emily Gateley, Ryan Watson Henderson",https://www.imdb.com/title/tt31145973/,Lisa bumps into a flash marriage with her boss and gradually finds him a werewolf. How will Lisa choose finding that she has fallen into the legendary cruel werewolf?,Romance,,,"January 10, 2024 (United States)",United States,Lisa bumps into a flash marriage with her boss and gradually finds him a werewolf,,,AC Prochi Productions
I Wish It Were You,2024–,7.4,(1K),"Jackson Tiller, Grace Woods Swanson, Karen Margaret Cole",https://www.imdb.com/title/tt31976454/,"Isabel found herself reluctantly married to a stranger named Jared. As Isabel navigated her new life at work, she unexpectedly fell deeply for her boss-the billionaire Lorenzo Bellini.",Romance,,,"April 1, 2024 (United States)",United States,the show is now streaming on dramabox,,,Drama Box
The Deal with Love,2024,7.5,-41,"Kendyl Twa, Fraser Murray, Joe Berg",https://www.imdb.com/title/tt31961919/,"Single girl Katherine gets mysteriously pregnant. Her boss's fiance accuses him of fathering the child, though he denies any involvement, leaving Katherine baffled about the paternity.",Romance,,,"March 27, 2024 (United States)",Canada,DramaBox,,,October Studio
"Billionaire Twins: Daddy, Please Take Mommy",2024,7.6,-34,"Saana, Nic Westaway, Mitch G. Nel",https://www.imdb.com/title/tt33365219/,"Hannah's life shattered five years ago, but her love for her twins kept her going. Now, she's a powerful woman returning to face her past-and the billionaire father of her children is ready to rewrite their story.",Romance,,,"September 5, 2024 (United States)",Canada,,,,Sparkland Pictures
Stripper Nanny: Forbidden Romance with Mafia,2024,7.4,-57,"Sophia Delucchi, Levi Peterson, Simone Harris",https://www.imdb.com/title/tt31050735/,"Daphne changed job three times this month and somehow ended up escaping from her alcoholic father and working in a strip club. What's more, she has never expected that she would've provoked the most dangerous and formidable mafia boss, .",Drama,,,"January 10, 2024 (United States)",United States,,,,"Califorest Vision, DomiReel"
"Marry My Husband, Please!",2024,7.7,-49,"Crystal St John, Nicolas James Wilson, Ben Whalen",https://www.imdb.com/title/tt31566039/,"Little did he know, the woman he once scorned as his ex-wife had become a heartthrob, captivating the hearts of many men after their divorce.",Drama,Family,Romance,"March 8, 2024 (United States)",United States,DomiReel,DomiReel,,24K Onions
Midnight Love,2023,,,"Natalia Sophia Gonzalez, Colton Carlson, Kylie Cunningham, Joseph Echavarria",https://www.imdb.com/title/tt30834560/,Add a plot in your language,Short,Comedy,,"December 1, 2023 (United States)",United States,,,,One11 Films
Revenge of the Abandoned Heiress,2024,8.1,-65,"Luke Brown, Christopher Quartuccio, Jean Evans",https://www.imdb.com/title/tt32765091/,"Mia Gerber, betrayed and childless, plots her vengeance against her deceitful ex. But her revenge isn't just sweet-it's strategic. Her weapon? A marriage to a chilling heir with a heart of ice.",Drama,,,"April 22, 2024 (United States)",United States,Alta TV's official link,,,Bluesky Studio
Don't Tell My Boss I'm a Girl,2024,7.7,-68,"Katherine Smith-Rodden, Kelsey Susino, Felisha Cooper",https://www.imdb.com/title/tt33505100/,"Due to a coincidence, Jessie is mistaken for a man by CEO Nathan and gets hired as his personal assistant. Little do they know, their love story began years ago.",Comedy,,,"September 30, 2024 (United States)",United States,Frame IO,,,Bad Larry Productions
Stop Calling Me Miss,2024,6.9,-34,"JC Ann, Eliza Roberts, Paul Addison",https://www.imdb.com/title/tt34185688/,"A privileged heiress must navigate a twisted game of power, betrayal, and forbidden love when her former bodyguard, now her master, rises to claim control over her life- and her heart.",Drama,Romance,Thriller,"September 19, 2024 (United States)",United States,full show,,,
Chasing My Rejected Wife,2024,7.2,-491,"Connor Tuohy, Haley Evans, Jackie McCarthy",https://www.imdb.com/title/tt32729879/,"As Aileen navigated her new life at work, she unexpectedly fell deeply for her boss. But Aileen had been married for a year, although she and her husband encounters were so scarce they could barely recall each other's faces.",Romance,,,June 2024 (United States),United States,ShortMax,,,
Spoiled by My Billionaire Husband,2023–2024,8,-93,"Nick Ritacco, Eddie Vincent, Patrick McDermott",https://www.imdb.com/title/tt30869115/,"Scarlett, on a journey to fulfil her grandmother's last wish, chooses the path of a flash marriage. However, she ends up targeting the wrong person: her husband is none other than a mysterious billionaire whom she met long before.",Drama,,,"December 28, 2023 (United States)",United States,Official YouTube,Shot Short,,24K Onions
Spoiled by My CEO Husband,2024,8.5,-80,"Morgan Tate, Jennings Brower, Alexandria Watts",https://www.imdb.com/title/tt34621517/,A CEO that is used to controlling everything around him including his woman.,Drama,Romance,,"November 13, 2024 (United States)",United States,Flex TV,,,"Coldfish Productions, Great Red Spot Collective"
Secretly Married to the CEO,2024,6.8,-26,"Bianca Buchholtz, Fraser Murray, Yago Borges",https://www.imdb.com/title/tt33073999/,"After a one-night stand with her boss, he asks her to marry him for his grandmother, so to save her mother she says yes.",Talk-Show,,,"August 1, 2024 (United States)",Canada,DramaBox,,,"Drama Box, October Studio"
My Gigolo Alpha,2024,7.8,-77,"Eric Guilmette, Glory Rodriguez, Keilah Jude",https://www.imdb.com/title/tt33055765/,"In a world where humans and werewolves coexist, Miranda must be married before 25 to inherit the family business. Rejecting her arranged marriage, she marries Brian, an Alpha werewolf, after a night of passion.",Romance,,,"June 1, 2024 (United States)",United States,link to the title,,,
Cherished by My Ex-Husband's Brother,2024,7.7,-75,"Brittany Marsicek, Paul Addison, Lawson Greyson",https://www.imdb.com/title/tt33995778/,"A full-time housewife, Chloe, who is left penniless after being betrayed by her husband Phillip on her 30th birthday, finds solace and support in her secret admirer,younger brother-in-law Vernon.",Drama,,,"July 25, 2024 (United States)",United States,DramaBox,,,
The Heiress and Her Three Princes,2024,6.9,-59,"Emily Gateley, Freddy Piazza, Luca Greenspun",https://www.imdb.com/title/tt33008170/,"Just as Ria hits her rock bottom in life, three billionaire brothers come to her save. They offer her a multi-billion inheritance. But, under one condition: she has to marry one of the three brothers to be the heiress. Who would she pick?",Comedy,,,"July 18, 2024 (United States)",United States,Kalos TV,,,"Drama Box, Narval Films, YRBW Productions"
Rejected Luna's Prince,2024,7.8,-92,"Emily Gateley, Myles Clohessy, Felisha Cooper",https://www.imdb.com/title/tt34516180/,"Abandoned by her fated mate when he learns of her pregnancy, Willa escapes to raise her son alone. Meanwhile, her fated mate Prince Dracos embarks on a relentless quest to find her.",Drama,,,"July 15, 2024 (United States)",United States,DramaBox,,,The Bad Kids Production
A Matter of Sin and Love,2023,5.9,-265,"Lani Castle, Daniel Jongma, Hannah Macaulay",https://www.imdb.com/title/tt28198624/,"After a plane crash orphans Elena, Christian adopts her. Years later, he forces her into marriage despite dating her sister Lucia and separating her from friend Peter, but Elena and Christian can't leave each other.",Romance,,,"February 11, 2024 (United States)",Australia,platform website,,,"Flex TV, Panda Pictures Films"
Alpha's Perfect Love,2024,7.3,-119,"Mark Vega, Francesca Rowe, Brooklyn Benson",https://www.imdb.com/title/tt32405007/,"Alpha Liam finds out that his mate, Dora, is a regular human who hates werewolves to her guts. To be with her, Liam keeps his werewolf identity a secret and pretends to be a regular human",Romance,,,"May 15, 2024 (United States)",United States,DramaBox,,,"Drama Box, Phantom Visual"
Vengeance and Untold Love,2024,5.7,-11,"Stuart Forbes, Austin Hunza",https://www.imdb.com/title/tt33430225/,Add a plot in your language,Romance,,,"January 10, 2024 (United States)",,,,,
"Dear Husband, Let's Get Divorced",2024,8.3,-30,"James Liddell, Raquel Woodruff, Kelsey C Lynn",https://www.imdb.com/title/tt34758057/,"Natalie ends her marriage, and when her ex realizes his mistake, he tries to win her back. But his half-brother also vies for Natalie's affection.",Drama,Romance,,"November 15, 2024 (United States)",United States,GoodShort,GoodShort,,GoodShort
The Lady Boss Is Done Pretending,2024,7.6,-178,"Mariah Moss, Noah Fearnley, Paige Marie Smeltzer",https://www.imdb.com/title/tt34737521/,"Before Eva Washington can reveal her identity as a billionaire heiress, her husband Kevin cheats on her with a mistress. Determined to get revenge, Eva marries Ryan Jones, a man who can match her strength and economic power.",Romance,,,"November 12, 2024 (United States)",United States,GoodShort,,,Journey Entertainment
Return of the Abandoned Heiress,2024,6.5,-127,"Sophia Delucchi, Ben Taylor, Ray Buffer",https://www.imdb.com/title/tt34757101/,"After a tragic accident, a young heiress is abandoned by her cruel family who drains her blood to save another. Years later, she faces bullying from them, unaware she's the long-lost heiress they've sought.",Drama,,,"November 19, 2024 (United States)",United States,GoodShort,,,"Narval Films, YRBW Productions"
The Birth of the Black Lotus,2024,7.3,-21,"Lil Safonova, Jean Evans, Aidan Browne",https://www.imdb.com/title/tt34868337/,"Diana's pregnant sister dies mysteriously. Suspecting foul play, Diana returns home with her assistant Dean to investigate her brother-in-law Sam and sister's friend David's odd relationship.",Crime,Drama,,"November 27, 2024 (United States)",United States,GoodShort,GoodShort,,"Open Vision Films, Open Vision Films"
