raceId,year,round,circuitId,race_name,date,time,url,fp1_date,fp1_time,fp2_date,fp2_time,fp3_date,fp3_time,quali_date,quali_time,sprint_date,sprint_time
1,2009,1,1,Australian Grand Prix,2009-03-29,06:00:00,http://en.wikipedia.org/wiki/2009_Australian_Grand_Prix,\N,\N,\N,\N,\N,\N,\N,\N,\N,\N
2,2009,2,2,Malaysian Grand Prix,2009-04-05,09:00:00,http://en.wikipedia.org/wiki/2009_Malaysian_Grand_Prix,\N,\N,\N,\N,\N,\N,\N,\N,\N,\N
3,2009,3,17,Chinese Grand Prix,2009-04-19,07:00:00,http://en.wikipedia.org/wiki/2009_Chinese_Grand_Prix,\N,\N,\N,\N,\N,\N,\N,\N,\N,\N
4,2009,4,3,Bahrain Grand Prix,2009-04-26,12:00:00,http://en.wikipedia.org/wiki/2009_Bahrain_Grand_Prix,\N,\N,\N,\N,\N,\N,\N,\N,\N,\N
5,2009,5,4,Spanish Grand Prix,2009-05-10,12:00:00,http://en.wikipedia.org/wiki/2009_Spanish_Grand_Prix,\N,\N,\N,\N,\N,\N,\N,\N,\N,\N
6,2009,6,6,Monaco Grand Prix,2009-05-24,12:00:00,http://en.wikipedia.org/wiki/2009_Monaco_Grand_Prix,\N,\N,\N,\N,\N,\N,\N,\N,\N,\N
7,2009,7,5,Turkish Grand Prix,2009-06-07,12:00:00,http://en.wikipedia.org/wiki/2009_Turkish_Grand_Prix,\N,\N,\N,\N,\N,\N,\N,\N,\N,\N
8,2009,8,9,British Grand Prix,2009-06-21,12:00:00,http://en.wikipedia.org/wiki/2009_British_Grand_Prix,\N,\N,\N,\N,\N,\N,\N,\N,\N,\N
9,2009,9,20,German Grand Prix,2009-07-12,12:00:00,http://en.wikipedia.org/wiki/2009_German_Grand_Prix,\N,\N,\N,\N,\N,\N,\N,\N,\N,\N
10,2009,10,11,Hungarian Grand Prix,2009-07-26,12:00:00,http://en.wikipedia.org/wiki/2009_Hungarian_Grand_Prix,\N,\N,\N,\N,\N,\N,\N,\N,\N,\N
11,2009,11,12,European Grand Prix,2009-08-23,12:00:00,http://en.wikipedia.org/wiki/2009_European_Grand_Prix,\N,\N,\N,\N,\N,\N,\N,\N,\N,\N
12,2009,12,13,Belgian Grand Prix,2009-08-30,12:00:00,http://en.wikipedia.org/wiki/2009_Belgian_Grand_Prix,\N,\N,\N,\N,\N,\N,\N,\N,\N,\N
13,2009,13,14,Italian Grand Prix,2009-09-13,12:00:00,http://en.wikipedia.org/wiki/2009_Italian_Grand_Prix,\N,\N,\N,\N,\N,\N,\N,\N,\N,\N
14,2009,14,15,Singapore Grand Prix,2009-09-27,12:00:00,http://en.wikipedia.org/wiki/2009_Singapore_Grand_Prix,\N,\N,\N,\N,\N,\N,\N,\N,\N,\N
15,2009,15,22,Japanese Grand Prix,2009-10-04,05:00:00,http://en.wikipedia.org/wiki/2009_Japanese_Grand_Prix,\N,\N,\N,\N,\N,\N,\N,\N,\N,\N
16,2009,16,18,Brazilian Grand Prix,2009-10-18,16:00:00,http://en.wikipedia.org/wiki/2009_Brazilian_Grand_Prix,\N,\N,\N,\N,\N,\N,\N,\N,\N,\N
17,2009,17,24,Abu Dhabi Grand Prix,2009-11-01,11:00:00,http://en.wikipedia.org/wiki/2009_Abu_Dhabi_Grand_Prix,\N,\N,\N,\N,\N,\N,\N,\N,\N,\N
18,2008,1,1,Australian Grand Prix,2008-03-16,04:30:00,http://en.wikipedia.org/wiki/2008_Australian_Grand_Prix,\N,\N,\N,\N,\N,\N,\N,\N,\N,\N
19,2008,2,2,Malaysian Grand Prix,2008-03-23,07:00:00,http://en.wikipedia.org/wiki/2008_Malaysian_Grand_Prix,\N,\N,\N,\N,\N,\N,\N,\N,\N,\N
20,2008,3,3,Bahrain Grand Prix,2008-04-06,11:30:00,http://en.wikipedia.org/wiki/2008_Bahrain_Grand_Prix,\N,\N,\N,\N,\N,\N,\N,\N,\N,\N
21,2008,4,4,Spanish Grand Prix,2008-04-27,12:00:00,http://en.wikipedia.org/wiki/2008_Spanish_Grand_Prix,\N,\N,\N,\N,\N,\N,\N,\N,\N,\N
22,2008,5,5,Turkish Grand Prix,2008-05-11,12:00:00,http://en.wikipedia.org/wiki/2008_Turkish_Grand_Prix,\N,\N,\N,\N,\N,\N,\N,\N,\N,\N
23,2008,6,6,Monaco Grand Prix,2008-05-25,12:00:00,http://en.wikipedia.org/wiki/2008_Monaco_Grand_Prix,\N,\N,\N,\N,\N,\N,\N,\N,\N,\N
24,2008,7,7,Canadian Grand Prix,2008-06-08,17:00:00,http://en.wikipedia.org/wiki/2008_Canadian_Grand_Prix,\N,\N,\N,\N,\N,\N,\N,\N,\N,\N
25,2008,8,8,French Grand Prix,2008-06-22,12:00:00,http://en.wikipedia.org/wiki/2008_French_Grand_Prix,\N,\N,\N,\N,\N,\N,\N,\N,\N,\N
26,2008,9,9,British Grand Prix,2008-07-06,12:00:00,http://en.wikipedia.org/wiki/2008_British_Grand_Prix,\N,\N,\N,\N,\N,\N,\N,\N,\N,\N
27,2008,10,10,German Grand Prix,2008-07-20,12:00:00,http://en.wikipedia.org/wiki/2008_German_Grand_Prix,\N,\N,\N,\N,\N,\N,\N,\N,\N,\N
28,2008,11,11,Hungarian Grand Prix,2008-08-03,12:00:00,http://en.wikipedia.org/wiki/2008_Hungarian_Grand_Prix,\N,\N,\N,\N,\N,\N,\N,\N,\N,\N
29,2008,12,12,European Grand Prix,2008-08-24,12:00:00,http://en.wikipedia.org/wiki/2008_European_Grand_Prix,\N,\N,\N,\N,\N,\N,\N,\N,\N,\N
30,2008,13,13,Belgian Grand Prix,2008-09-07,12:00:00,http://en.wikipedia.org/wiki/2008_Belgian_Grand_Prix,\N,\N,\N,\N,\N,\N,\N,\N,\N,\N
31,2008,14,14,Italian Grand Prix,2008-09-14,12:00:00,http://en.wikipedia.org/wiki/2008_Italian_Grand_Prix,\N,\N,\N,\N,\N,\N,\N,\N,\N,\N
32,2008,15,15,Singapore Grand Prix,2008-09-28,12:00:00,http://en.wikipedia.org/wiki/2008_Singapore_Grand_Prix,\N,\N,\N,\N,\N,\N,\N,\N,\N,\N
33,2008,16,16,Japanese Grand Prix,2008-10-12,04:30:00,http://en.wikipedia.org/wiki/2008_Japanese_Grand_Prix,\N,\N,\N,\N,\N,\N,\N,\N,\N,\N
34,2008,17,17,Chinese Grand Prix,2008-10-19,07:00:00,http://en.wikipedia.org/wiki/2008_Chinese_Grand_Prix,\N,\N,\N,\N,\N,\N,\N,\N,\N,\N
35,2008,18,18,Brazilian Grand Prix,2008-11-02,17:00:00,http://en.wikipedia.org/wiki/2008_Brazilian_Grand_Prix,\N,\N,\N,\N,\N,\N,\N,\N,\N,\N
36,2007,1,1,Australian Grand Prix,2007-03-18,03:00:00,http://en.wikipedia.org/wiki/2007_Australian_Grand_Prix,\N,\N,\N,\N,\N,\N,\N,\N,\N,\N
37,2007,2,2,Malaysian Grand Prix,2007-04-08,07:00:00,http://en.wikipedia.org/wiki/2007_Malaysian_Grand_Prix,\N,\N,\N,\N,\N,\N,\N,\N,\N,\N
38,2007,3,3,Bahrain Grand Prix,2007-04-15,11:30:00,http://en.wikipedia.org/wiki/2007_Bahrain_Grand_Prix,\N,\N,\N,\N,\N,\N,\N,\N,\N,\N
39,2007,4,4,Spanish Grand Prix,2007-05-13,12:00:00,http://en.wikipedia.org/wiki/2007_Spanish_Grand_Prix,\N,\N,\N,\N,\N,\N,\N,\N,\N,\N
40,2007,5,6,Monaco Grand Prix,2007-05-27,12:00:00,http://en.wikipedia.org/wiki/2007_Monaco_Grand_Prix,\N,\N,\N,\N,\N,\N,\N,\N,\N,\N
41,2007,6,7,Canadian Grand Prix,2007-06-10,17:00:00,http://en.wikipedia.org/wiki/2007_Canadian_Grand_Prix,\N,\N,\N,\N,\N,\N,\N,\N,\N,\N
42,2007,7,19,United States Grand Prix,2007-06-17,17:00:00,http://en.wikipedia.org/wiki/2007_United_States_Grand_Prix,\N,\N,\N,\N,\N,\N,\N,\N,\N,\N
43,2007,8,8,French Grand Prix,2007-07-01,12:00:00,http://en.wikipedia.org/wiki/2007_French_Grand_Prix,\N,\N,\N,\N,\N,\N,\N,\N,\N,\N
44,2007,9,9,British Grand Prix,2007-07-08,12:00:00,http://en.wikipedia.org/wiki/2007_British_Grand_Prix,\N,\N,\N,\N,\N,\N,\N,\N,\N,\N
45,2007,10,20,European Grand Prix,2007-07-22,12:00:00,http://en.wikipedia.org/wiki/2007_European_Grand_Prix,\N,\N,\N,\N,\N,\N,\N,\N,\N,\N
46,2007,11,11,Hungarian Grand Prix,2007-08-05,12:00:00,http://en.wikipedia.org/wiki/2007_Hungarian_Grand_Prix,\N,\N,\N,\N,\N,\N,\N,\N,\N,\N
47,2007,12,5,Turkish Grand Prix,2007-08-26,12:00:00,http://en.wikipedia.org/wiki/2007_Turkish_Grand_Prix,\N,\N,\N,\N,\N,\N,\N,\N,\N,\N
48,2007,13,14,Italian Grand Prix,2007-09-09,12:00:00,http://en.wikipedia.org/wiki/2007_Italian_Grand_Prix,\N,\N,\N,\N,\N,\N,\N,\N,\N,\N
49,2007,14,13,Belgian Grand Prix,2007-09-16,12:00:00,http://en.wikipedia.org/wiki/2007_Belgian_Grand_Prix,\N,\N,\N,\N,\N,\N,\N,\N,\N,\N
50,2007,15,16,Japanese Grand Prix,2007-09-30,04:30:00,http://en.wikipedia.org/wiki/2007_Japanese_Grand_Prix,\N,\N,\N,\N,\N,\N,\N,\N,\N,\N
51,2007,16,17,Chinese Grand Prix,2007-10-07,06:00:00,http://en.wikipedia.org/wiki/2007_Chinese_Grand_Prix,\N,\N,\N,\N,\N,\N,\N,\N,\N,\N
52,2007,17,18,Brazilian Grand Prix,2007-10-21,16:00:00,http://en.wikipedia.org/wiki/2007_Brazilian_Grand_Prix,\N,\N,\N,\N,\N,\N,\N,\N,\N,\N
53,2006,1,3,Bahrain Grand Prix,2006-03-12,14:30:00,http://en.wikipedia.org/wiki/2006_Bahrain_Grand_Prix,\N,\N,\N,\N,\N,\N,\N,\N,\N,\N
54,2006,2,2,Malaysian Grand Prix,2006-03-19,15:00:00,http://en.wikipedia.org/wiki/2006_Malaysian_Grand_Prix,\N,\N,\N,\N,\N,\N,\N,\N,\N,\N
55,2006,3,1,Australian Grand Prix,2006-04-02,14:00:00,http://en.wikipedia.org/wiki/2006_Australian_Grand_Prix,\N,\N,\N,\N,\N,\N,\N,\N,\N,\N
56,2006,4,21,San Marino Grand Prix,2006-04-23,14:00:00,http://en.wikipedia.org/wiki/2006_San_Marino_Grand_Prix,\N,\N,\N,\N,\N,\N,\N,\N,\N,\N
57,2006,5,20,European Grand Prix,2006-05-07,14:00:00,http://en.wikipedia.org/wiki/2006_European_Grand_Prix,\N,\N,\N,\N,\N,\N,\N,\N,\N,\N
58,2006,6,4,Spanish Grand Prix,2006-05-14,14:00:00,http://en.wikipedia.org/wiki/2006_Spanish_Grand_Prix,\N,\N,\N,\N,\N,\N,\N,\N,\N,\N
59,2006,7,6,Monaco Grand Prix,2006-05-28,14:00:00,http://en.wikipedia.org/wiki/2006_Monaco_Grand_Prix,\N,\N,\N,\N,\N,\N,\N,\N,\N,\N
60,2006,8,9,British Grand Prix,2006-06-11,12:00:00,http://en.wikipedia.org/wiki/2006_British_Grand_Prix,\N,\N,\N,\N,\N,\N,\N,\N,\N,\N
61,2006,9,7,Canadian Grand Prix,2006-06-25,13:00:00,http://en.wikipedia.org/wiki/2006_Canadian_Grand_Prix,\N,\N,\N,\N,\N,\N,\N,\N,\N,\N
62,2006,10,19,United States Grand Prix,2006-07-02,14:00:00,http://en.wikipedia.org/wiki/2006_United_States_Grand_Prix,\N,\N,\N,\N,\N,\N,\N,\N,\N,\N
63,2006,11,8,French Grand Prix,2006-07-16,14:00:00,http://en.wikipedia.org/wiki/2006_French_Grand_Prix,\N,\N,\N,\N,\N,\N,\N,\N,\N,\N
64,2006,12,10,German Grand Prix,2006-07-30,14:00:00,http://en.wikipedia.org/wiki/2006_German_Grand_Prix,\N,\N,\N,\N,\N,\N,\N,\N,\N,\N
65,2006,13,11,Hungarian Grand Prix,2006-08-06,14:00:00,http://en.wikipedia.org/wiki/2006_Hungarian_Grand_Prix,\N,\N,\N,\N,\N,\N,\N,\N,\N,\N
66,2006,14,5,Turkish Grand Prix,2006-08-27,15:00:00,http://en.wikipedia.org/wiki/2006_Turkish_Grand_Prix,\N,\N,\N,\N,\N,\N,\N,\N,\N,\N
67,2006,15,14,Italian Grand Prix,2006-09-10,14:00:00,http://en.wikipedia.org/wiki/2006_Italian_Grand_Prix,\N,\N,\N,\N,\N,\N,\N,\N,\N,\N
68,2006,16,17,Chinese Grand Prix,2006-10-01,14:00:00,http://en.wikipedia.org/wiki/2006_Chinese_Grand_Prix,\N,\N,\N,\N,\N,\N,\N,\N,\N,\N
69,2006,17,22,Japanese Grand Prix,2006-10-08,14:00:00,http://en.wikipedia.org/wiki/2006_Japanese_Grand_Prix,\N,\N,\N,\N,\N,\N,\N,\N,\N,\N
70,2006,18,18,Brazilian Grand Prix,2006-10-22,14:00:00,http://en.wikipedia.org/wiki/2006_Brazilian_Grand_Prix,\N,\N,\N,\N,\N,\N,\N,\N,\N,\N
71,2005,1,1,Australian Grand Prix,2005-03-06,14:00:00,http://en.wikipedia.org/wiki/2005_Australian_Grand_Prix,\N,\N,\N,\N,\N,\N,\N,\N,\N,\N
72,2005,2,2,Malaysian Grand Prix,2005-03-20,15:00:00,http://en.wikipedia.org/wiki/2005_Malaysian_Grand_Prix,\N,\N,\N,\N,\N,\N,\N,\N,\N,\N
73,2005,3,3,Bahrain Grand Prix,2005-04-03,14:30:00,http://en.wikipedia.org/wiki/2005_Bahrain_Grand_Prix,\N,\N,\N,\N,\N,\N,\N,\N,\N,\N
74,2005,4,21,San Marino Grand Prix,2005-04-24,14:00:00,http://en.wikipedia.org/wiki/2005_San_Marino_Grand_Prix,\N,\N,\N,\N,\N,\N,\N,\N,\N,\N
75,2005,5,4,Spanish Grand Prix,2005-05-08,14:00:00,http://en.wikipedia.org/wiki/2005_Spanish_Grand_Prix,\N,\N,\N,\N,\N,\N,\N,\N,\N,\N
76,2005,6,6,Monaco Grand Prix,2005-05-22,14:00:00,http://en.wikipedia.org/wiki/2005_Monaco_Grand_Prix,\N,\N,\N,\N,\N,\N,\N,\N,\N,\N
77,2005,7,20,European Grand Prix,2005-05-29,14:00:00,http://en.wikipedia.org/wiki/2005_European_Grand_Prix,\N,\N,\N,\N,\N,\N,\N,\N,\N,\N
78,2005,8,7,Canadian Grand Prix,2005-06-12,13:00:00,http://en.wikipedia.org/wiki/2005_Canadian_Grand_Prix,\N,\N,\N,\N,\N,\N,\N,\N,\N,\N
79,2005,9,19,United States Grand Prix,2005-06-19,14:00:00,http://en.wikipedia.org/wiki/2005_United_States_Grand_Prix,\N,\N,\N,\N,\N,\N,\N,\N,\N,\N
80,2005,10,8,French Grand Prix,2005-07-03,14:00:00,http://en.wikipedia.org/wiki/2005_French_Grand_Prix,\N,\N,\N,\N,\N,\N,\N,\N,\N,\N
81,2005,11,9,British Grand Prix,2005-07-10,14:00:00,http://en.wikipedia.org/wiki/2005_British_Grand_Prix,\N,\N,\N,\N,\N,\N,\N,\N,\N,\N
82,2005,12,10,German Grand Prix,2005-07-24,14:00:00,http://en.wikipedia.org/wiki/2005_German_Grand_Prix,\N,\N,\N,\N,\N,\N,\N,\N,\N,\N
83,2005,13,11,Hungarian Grand Prix,2005-07-31,14:00:00,http://en.wikipedia.org/wiki/2005_Hungarian_Grand_Prix,\N,\N,\N,\N,\N,\N,\N,\N,\N,\N
84,2005,14,5,Turkish Grand Prix,2005-08-21,15:00:00,http://en.wikipedia.org/wiki/2005_Turkish_Grand_Prix,\N,\N,\N,\N,\N,\N,\N,\N,\N,\N
85,2005,15,14,Italian Grand Prix,2005-09-04,14:00:00,http://en.wikipedia.org/wiki/2005_Italian_Grand_Prix,\N,\N,\N,\N,\N,\N,\N,\N,\N,\N
86,2005,16,13,Belgian Grand Prix,2005-09-11,14:00:00,http://en.wikipedia.org/wiki/2005_Belgian_Grand_Prix,\N,\N,\N,\N,\N,\N,\N,\N,\N,\N
87,2005,17,18,Brazilian Grand Prix,2005-09-25,14:00:00,http://en.wikipedia.org/wiki/2005_Brazilian_Grand_Prix,\N,\N,\N,\N,\N,\N,\N,\N,\N,\N
88,2005,18,22,Japanese Grand Prix,2005-10-09,14:00:00,http://en.wikipedia.org/wiki/2005_Japanese_Grand_Prix,\N,\N,\N,\N,\N,\N,\N,\N,\N,\N
89,2005,19,17,Chinese Grand Prix,2005-10-16,14:00:00,http://en.wikipedia.org/wiki/2005_Chinese_Grand_Prix,\N,\N,\N,\N,\N,\N,\N,\N,\N,\N
90,2004,1,1,Australian Grand Prix,2004-03-07,\N,http://en.wikipedia.org/wiki/2004_Australian_Grand_Prix,\N,\N,\N,\N,\N,\N,\N,\N,\N,\N
91,2004,2,2,Malaysian Grand Prix,2004-03-21,\N,http://en.wikipedia.org/wiki/2004_Malaysian_Grand_Prix,\N,\N,\N,\N,\N,\N,\N,\N,\N,\N
92,2004,3,3,Bahrain Grand Prix,2004-04-04,\N,http://en.wikipedia.org/wiki/2004_Bahrain_Grand_Prix,\N,\N,\N,\N,\N,\N,\N,\N,\N,\N
93,2004,4,21,San Marino Grand Prix,2004-04-25,\N,http://en.wikipedia.org/wiki/2004_San_Marino_Grand_Prix,\N,\N,\N,\N,\N,\N,\N,\N,\N,\N
94,2004,5,4,Spanish Grand Prix,2004-05-09,\N,http://en.wikipedia.org/wiki/2004_Spanish_Grand_Prix,\N,\N,\N,\N,\N,\N,\N,\N,\N,\N
95,2004,6,6,Monaco Grand Prix,2004-05-23,\N,http://en.wikipedia.org/wiki/2004_Monaco_Grand_Prix,\N,\N,\N,\N,\N,\N,\N,\N,\N,\N
96,2004,7,20,European Grand Prix,2004-05-30,\N,http://en.wikipedia.org/wiki/2004_European_Grand_Prix,\N,\N,\N,\N,\N,\N,\N,\N,\N,\N
97,2004,8,7,Canadian Grand Prix,2004-06-13,\N,http://en.wikipedia.org/wiki/2004_Canadian_Grand_Prix,\N,\N,\N,\N,\N,\N,\N,\N,\N,\N
98,2004,9,19,United States Grand Prix,2004-06-20,\N,http://en.wikipedia.org/wiki/2004_United_States_Grand_Prix,\N,\N,\N,\N,\N,\N,\N,\N,\N,\N
99,2004,10,8,French Grand Prix,2004-07-04,\N,http://en.wikipedia.org/wiki/2004_French_Grand_Prix,\N,\N,\N,\N,\N,\N,\N,\N,\N,\N
100,2004,11,9,British Grand Prix,2004-07-11,\N,http://en.wikipedia.org/wiki/2004_British_Grand_Prix,\N,\N,\N,\N,\N,\N,\N,\N,\N,\N
101,2004,12,10,German Grand Prix,2004-07-25,\N,http://en.wikipedia.org/wiki/2004_German_Grand_Prix,\N,\N,\N,\N,\N,\N,\N,\N,\N,\N
102,2004,13,11,Hungarian Grand Prix,2004-08-15,\N,http://en.wikipedia.org/wiki/2004_Hungarian_Grand_Prix,\N,\N,\N,\N,\N,\N,\N,\N,\N,\N
103,2004,14,13,Belgian Grand Prix,2004-08-29,\N,http://en.wikipedia.org/wiki/2004_Belgian_Grand_Prix,\N,\N,\N,\N,\N,\N,\N,\N,\N,\N
104,2004,15,14,Italian Grand Prix,2004-09-12,\N,http://en.wikipedia.org/wiki/2004_Italian_Grand_Prix,\N,\N,\N,\N,\N,\N,\N,\N,\N,\N
105,2004,16,17,Chinese Grand Prix,2004-09-26,\N,http://en.wikipedia.org/wiki/2004_Chinese_Grand_Prix,\N,\N,\N,\N,\N,\N,\N,\N,\N,\N
106,2004,17,22,Japanese Grand Prix,2004-10-10,\N,http://en.wikipedia.org/wiki/2004_Japanese_Grand_Prix,\N,\N,\N,\N,\N,\N,\N,\N,\N,\N
107,2004,18,18,Brazilian Grand Prix,2004-10-24,\N,http://en.wikipedia.org/wiki/2004_Brazilian_Grand_Prix,\N,\N,\N,\N,\N,\N,\N,\N,\N,\N
108,2003,1,1,Australian Grand Prix,2003-03-09,\N,http://en.wikipedia.org/wiki/2003_Australian_Grand_Prix,\N,\N,\N,\N,\N,\N,\N,\N,\N,\N
109,2003,2,2,Malaysian Grand Prix,2003-03-23,\N,http://en.wikipedia.org/wiki/2003_Malaysian_Grand_Prix,\N,\N,\N,\N,\N,\N,\N,\N,\N,\N
110,2003,3,18,Brazilian Grand Prix,2003-04-06,\N,http://en.wikipedia.org/wiki/2003_Brazilian_Grand_Prix,\N,\N,\N,\N,\N,\N,\N,\N,\N,\N
111,2003,4,21,San Marino Grand Prix,2003-04-20,\N,http://en.wikipedia.org/wiki/2003_San_Marino_Grand_Prix,\N,\N,\N,\N,\N,\N,\N,\N,\N,\N
112,2003,5,4,Spanish Grand Prix,2003-05-04,\N,http://en.wikipedia.org/wiki/2003_Spanish_Grand_Prix,\N,\N,\N,\N,\N,\N,\N,\N,\N,\N
113,2003,6,70,Austrian Grand Prix,2003-05-18,\N,http://en.wikipedia.org/wiki/2003_Austrian_Grand_Prix,\N,\N,\N,\N,\N,\N,\N,\N,\N,\N
114,2003,7,6,Monaco Grand Prix,2003-06-01,\N,http://en.wikipedia.org/wiki/2003_Monaco_Grand_Prix,\N,\N,\N,\N,\N,\N,\N,\N,\N,\N
115,2003,8,7,Canadian Grand Prix,2003-06-15,\N,http://en.wikipedia.org/wiki/2003_Canadian_Grand_Prix,\N,\N,\N,\N,\N,\N,\N,\N,\N,\N
116,2003,9,20,European Grand Prix,2003-06-29,\N,http://en.wikipedia.org/wiki/2003_European_Grand_Prix,\N,\N,\N,\N,\N,\N,\N,\N,\N,\N
117,2003,10,8,French Grand Prix,2003-07-06,\N,http://en.wikipedia.org/wiki/2003_French_Grand_Prix,\N,\N,\N,\N,\N,\N,\N,\N,\N,\N
118,2003,11,9,British Grand Prix,2003-07-20,\N,http://en.wikipedia.org/wiki/2003_British_Grand_Prix,\N,\N,\N,\N,\N,\N,\N,\N,\N,\N
119,2003,12,10,German Grand Prix,2003-08-03,\N,http://en.wikipedia.org/wiki/2003_German_Grand_Prix,\N,\N,\N,\N,\N,\N,\N,\N,\N,\N
120,2003,13,11,Hungarian Grand Prix,2003-08-24,\N,http://en.wikipedia.org/wiki/2003_Hungarian_Grand_Prix,\N,\N,\N,\N,\N,\N,\N,\N,\N,\N
121,2003,14,14,Italian Grand Prix,2003-09-14,\N,http://en.wikipedia.org/wiki/2003_Italian_Grand_Prix,\N,\N,\N,\N,\N,\N,\N,\N,\N,\N
122,2003,15,19,United States Grand Prix,2003-09-28,\N,http://en.wikipedia.org/wiki/2003_United_States_Grand_Prix,\N,\N,\N,\N,\N,\N,\N,\N,\N,\N
123,2003,16,22,Japanese Grand Prix,2003-10-12,\N,http://en.wikipedia.org/wiki/2003_Japanese_Grand_Prix,\N,\N,\N,\N,\N,\N,\N,\N,\N,\N
124,2002,1,1,Australian Grand Prix,2002-03-03,\N,http://en.wikipedia.org/wiki/2002_Australian_Grand_Prix,\N,\N,\N,\N,\N,\N,\N,\N,\N,\N
125,2002,2,2,Malaysian Grand Prix,2002-03-17,\N,http://en.wikipedia.org/wiki/2002_Malaysian_Grand_Prix,\N,\N,\N,\N,\N,\N,\N,\N,\N,\N
126,2002,3,18,Brazilian Grand Prix,2002-03-31,\N,http://en.wikipedia.org/wiki/2002_Brazilian_Grand_Prix,\N,\N,\N,\N,\N,\N,\N,\N,\N,\N
127,2002,4,21,San Marino Grand Prix,2002-04-14,\N,http://en.wikipedia.org/wiki/2002_San_Marino_Grand_Prix,\N,\N,\N,\N,\N,\N,\N,\N,\N,\N
128,2002,5,4,Spanish Grand Prix,2002-04-28,\N,http://en.wikipedia.org/wiki/2002_Spanish_Grand_Prix,\N,\N,\N,\N,\N,\N,\N,\N,\N,\N
129,2002,6,70,Austrian Grand Prix,2002-05-12,\N,http://en.wikipedia.org/wiki/2002_Austrian_Grand_Prix,\N,\N,\N,\N,\N,\N,\N,\N,\N,\N
130,2002,7,6,Monaco Grand Prix,2002-05-26,\N,http://en.wikipedia.org/wiki/2002_Monaco_Grand_Prix,\N,\N,\N,\N,\N,\N,\N,\N,\N,\N
131,2002,8,7,Canadian Grand Prix,2002-06-09,\N,http://en.wikipedia.org/wiki/2002_Canadian_Grand_Prix,\N,\N,\N,\N,\N,\N,\N,\N,\N,\N
132,2002,9,20,European Grand Prix,2002-06-23,\N,http://en.wikipedia.org/wiki/2002_European_Grand_Prix,\N,\N,\N,\N,\N,\N,\N,\N,\N,\N
133,2002,10,9,British Grand Prix,2002-07-07,\N,http://en.wikipedia.org/wiki/2002_British_Grand_Prix,\N,\N,\N,\N,\N,\N,\N,\N,\N,\N
134,2002,11,8,French Grand Prix,2002-07-21,\N,http://en.wikipedia.org/wiki/2002_French_Grand_Prix,\N,\N,\N,\N,\N,\N,\N,\N,\N,\N
135,2002,12,10,German Grand Prix,2002-07-28,\N,http://en.wikipedia.org/wiki/2002_German_Grand_Prix,\N,\N,\N,\N,\N,\N,\N,\N,\N,\N
136,2002,13,11,Hungarian Grand Prix,2002-08-18,\N,http://en.wikipedia.org/wiki/2002_Hungarian_Grand_Prix,\N,\N,\N,\N,\N,\N,\N,\N,\N,\N
137,2002,14,13,Belgian Grand Prix,2002-09-01,\N,http://en.wikipedia.org/wiki/2002_Belgian_Grand_Prix,\N,\N,\N,\N,\N,\N,\N,\N,\N,\N
138,2002,15,14,Italian Grand Prix,2002-09-15,\N,http://en.wikipedia.org/wiki/2002_Italian_Grand_Prix,\N,\N,\N,\N,\N,\N,\N,\N,\N,\N
139,2002,16,19,United States Grand Prix,2002-09-29,\N,http://en.wikipedia.org/wiki/2002_United_States_Grand_Prix,\N,\N,\N,\N,\N,\N,\N,\N,\N,\N
140,2002,17,22,Japanese Grand Prix,2002-10-13,\N,http://en.wikipedia.org/wiki/2002_Japanese_Grand_Prix,\N,\N,\N,\N,\N,\N,\N,\N,\N,\N
141,2001,1,1,Australian Grand Prix,2001-03-04,\N,http://en.wikipedia.org/wiki/2001_Australian_Grand_Prix,\N,\N,\N,\N,\N,\N,\N,\N,\N,\N
142,2001,2,2,Malaysian Grand Prix,2001-03-18,\N,http://en.wikipedia.org/wiki/2001_Malaysian_Grand_Prix,\N,\N,\N,\N,\N,\N,\N,\N,\N,\N
143,2001,3,18,Brazilian Grand Prix,2001-04-01,\N,http://en.wikipedia.org/wiki/2001_Brazilian_Grand_Prix,\N,\N,\N,\N,\N,\N,\N,\N,\N,\N
144,2001,4,21,San Marino Grand Prix,2001-04-15,\N,http://en.wikipedia.org/wiki/2001_San_Marino_Grand_Prix,\N,\N,\N,\N,\N,\N,\N,\N,\N,\N
145,2001,5,4,Spanish Grand Prix,2001-04-29,\N,http://en.wikipedia.org/wiki/2001_Spanish_Grand_Prix,\N,\N,\N,\N,\N,\N,\N,\N,\N,\N
146,2001,6,70,Austrian Grand Prix,2001-05-13,\N,http://en.wikipedia.org/wiki/2001_Austrian_Grand_Prix,\N,\N,\N,\N,\N,\N,\N,\N,\N,\N
147,2001,7,6,Monaco Grand Prix,2001-05-27,\N,http://en.wikipedia.org/wiki/2001_Monaco_Grand_Prix,\N,\N,\N,\N,\N,\N,\N,\N,\N,\N
148,2001,8,7,Canadian Grand Prix,2001-06-10,\N,http://en.wikipedia.org/wiki/2001_Canadian_Grand_Prix,\N,\N,\N,\N,\N,\N,\N,\N,\N,\N
149,2001,9,20,European Grand Prix,2001-06-24,\N,http://en.wikipedia.org/wiki/2001_European_Grand_Prix,\N,\N,\N,\N,\N,\N,\N,\N,\N,\N
150,2001,10,8,French Grand Prix,2001-07-01,\N,http://en.wikipedia.org/wiki/2001_French_Grand_Prix,\N,\N,\N,\N,\N,\N,\N,\N,\N,\N
151,2001,11,9,British Grand Prix,2001-07-15,\N,http://en.wikipedia.org/wiki/2001_British_Grand_Prix,\N,\N,\N,\N,\N,\N,\N,\N,\N,\N
152,2001,12,10,German Grand Prix,2001-07-29,\N,http://en.wikipedia.org/wiki/2001_German_Grand_Prix,\N,\N,\N,\N,\N,\N,\N,\N,\N,\N
153,2001,13,11,Hungarian Grand Prix,2001-08-19,\N,http://en.wikipedia.org/wiki/2001_Hungarian_Grand_Prix,\N,\N,\N,\N,\N,\N,\N,\N,\N,\N
154,2001,14,13,Belgian Grand Prix,2001-09-02,\N,http://en.wikipedia.org/wiki/2001_Belgian_Grand_Prix,\N,\N,\N,\N,\N,\N,\N,\N,\N,\N
155,2001,15,14,Italian Grand Prix,2001-09-16,\N,http://en.wikipedia.org/wiki/2001_Italian_Grand_Prix,\N,\N,\N,\N,\N,\N,\N,\N,\N,\N
156,2001,16,19,United States Grand Prix,2001-09-30,\N,http://en.wikipedia.org/wiki/2001_United_States_Grand_Prix,\N,\N,\N,\N,\N,\N,\N,\N,\N,\N
157,2001,17,22,Japanese Grand Prix,2001-10-14,\N,http://en.wikipedia.org/wiki/2001_Japanese_Grand_Prix,\N,\N,\N,\N,\N,\N,\N,\N,\N,\N
158,2000,1,1,Australian Grand Prix,2000-03-12,\N,http://en.wikipedia.org/wiki/2000_Australian_Grand_Prix,\N,\N,\N,\N,\N,\N,\N,\N,\N,\N
159,2000,2,18,Brazilian Grand Prix,2000-03-26,\N,http://en.wikipedia.org/wiki/2000_Brazilian_Grand_Prix,\N,\N,\N,\N,\N,\N,\N,\N,\N,\N
160,2000,3,21,San Marino Grand Prix,2000-04-09,\N,http://en.wikipedia.org/wiki/2000_San_Marino_Grand_Prix,\N,\N,\N,\N,\N,\N,\N,\N,\N,\N
161,2000,4,9,British Grand Prix,2000-04-23,\N,http://en.wikipedia.org/wiki/2000_British_Grand_Prix,\N,\N,\N,\N,\N,\N,\N,\N,\N,\N
162,2000,5,4,Spanish Grand Prix,2000-05-07,\N,http://en.wikipedia.org/wiki/2000_Spanish_Grand_Prix,\N,\N,\N,\N,\N,\N,\N,\N,\N,\N
163,2000,6,20,European Grand Prix,2000-05-21,\N,http://en.wikipedia.org/wiki/2000_European_Grand_Prix,\N,\N,\N,\N,\N,\N,\N,\N,\N,\N
164,2000,7,6,Monaco Grand Prix,2000-06-04,\N,http://en.wikipedia.org/wiki/2000_Monaco_Grand_Prix,\N,\N,\N,\N,\N,\N,\N,\N,\N,\N
165,2000,8,7,Canadian Grand Prix,2000-06-18,\N,http://en.wikipedia.org/wiki/2000_Canadian_Grand_Prix,\N,\N,\N,\N,\N,\N,\N,\N,\N,\N
166,2000,9,8,French Grand Prix,2000-07-02,\N,http://en.wikipedia.org/wiki/2000_French_Grand_Prix,\N,\N,\N,\N,\N,\N,\N,\N,\N,\N
167,2000,10,70,Austrian Grand Prix,2000-07-16,\N,http://en.wikipedia.org/wiki/2000_Austrian_Grand_Prix,\N,\N,\N,\N,\N,\N,\N,\N,\N,\N
168,2000,11,10,German Grand Prix,2000-07-30,\N,http://en.wikipedia.org/wiki/2000_German_Grand_Prix,\N,\N,\N,\N,\N,\N,\N,\N,\N,\N
169,2000,12,11,Hungarian Grand Prix,2000-08-13,\N,http://en.wikipedia.org/wiki/2000_Hungarian_Grand_Prix,\N,\N,\N,\N,\N,\N,\N,\N,\N,\N
170,2000,13,13,Belgian Grand Prix,2000-08-27,\N,http://en.wikipedia.org/wiki/2000_Belgian_Grand_Prix,\N,\N,\N,\N,\N,\N,\N,\N,\N,\N
171,2000,14,14,Italian Grand Prix,2000-09-10,\N,http://en.wikipedia.org/wiki/2000_Italian_Grand_Prix,\N,\N,\N,\N,\N,\N,\N,\N,\N,\N
172,2000,15,19,United States Grand Prix,2000-09-24,\N,http://en.wikipedia.org/wiki/2000_United_States_Grand_Prix,\N,\N,\N,\N,\N,\N,\N,\N,\N,\N
173,2000,16,22,Japanese Grand Prix,2000-10-08,\N,http://en.wikipedia.org/wiki/2000_Japanese_Grand_Prix,\N,\N,\N,\N,\N,\N,\N,\N,\N,\N
174,2000,17,2,Malaysian Grand Prix,2000-10-22,\N,http://en.wikipedia.org/wiki/2000_Malaysian_Grand_Prix,\N,\N,\N,\N,\N,\N,\N,\N,\N,\N
175,1999,1,1,Australian Grand Prix,1999-03-07,\N,http://en.wikipedia.org/wiki/1999_Australian_Grand_Prix,\N,\N,\N,\N,\N,\N,\N,\N,\N,\N
176,1999,2,18,Brazilian Grand Prix,1999-04-11,\N,http://en.wikipedia.org/wiki/1999_Brazilian_Grand_Prix,\N,\N,\N,\N,\N,\N,\N,\N,\N,\N
177,1999,3,21,San Marino Grand Prix,1999-05-02,\N,http://en.wikipedia.org/wiki/1999_San_Marino_Grand_Prix,\N,\N,\N,\N,\N,\N,\N,\N,\N,\N
178,1999,4,6,Monaco Grand Prix,1999-05-16,\N,http://en.wikipedia.org/wiki/1999_Monaco_Grand_Prix,\N,\N,\N,\N,\N,\N,\N,\N,\N,\N
179,1999,5,4,Spanish Grand Prix,1999-05-30,\N,http://en.wikipedia.org/wiki/1999_Spanish_Grand_Prix,\N,\N,\N,\N,\N,\N,\N,\N,\N,\N
180,1999,6,7,Canadian Grand Prix,1999-06-13,\N,http://en.wikipedia.org/wiki/1999_Canadian_Grand_Prix,\N,\N,\N,\N,\N,\N,\N,\N,\N,\N
181,1999,7,8,French Grand Prix,1999-06-27,\N,http://en.wikipedia.org/wiki/1999_French_Grand_Prix,\N,\N,\N,\N,\N,\N,\N,\N,\N,\N
182,1999,8,9,British Grand Prix,1999-07-11,\N,http://en.wikipedia.org/wiki/1999_British_Grand_Prix,\N,\N,\N,\N,\N,\N,\N,\N,\N,\N
183,1999,9,70,Austrian Grand Prix,1999-07-25,\N,http://en.wikipedia.org/wiki/1999_Austrian_Grand_Prix,\N,\N,\N,\N,\N,\N,\N,\N,\N,\N
184,1999,10,10,German Grand Prix,1999-08-01,\N,http://en.wikipedia.org/wiki/1999_German_Grand_Prix,\N,\N,\N,\N,\N,\N,\N,\N,\N,\N
185,1999,11,11,Hungarian Grand Prix,1999-08-15,\N,http://en.wikipedia.org/wiki/1999_Hungarian_Grand_Prix,\N,\N,\N,\N,\N,\N,\N,\N,\N,\N
186,1999,12,13,Belgian Grand Prix,1999-08-29,\N,http://en.wikipedia.org/wiki/1999_Belgian_Grand_Prix,\N,\N,\N,\N,\N,\N,\N,\N,\N,\N
187,1999,13,14,Italian Grand Prix,1999-09-12,\N,http://en.wikipedia.org/wiki/1999_Italian_Grand_Prix,\N,\N,\N,\N,\N,\N,\N,\N,\N,\N
188,1999,14,20,European Grand Prix,1999-09-26,\N,http://en.wikipedia.org/wiki/1999_European_Grand_Prix,\N,\N,\N,\N,\N,\N,\N,\N,\N,\N
189,1999,15,2,Malaysian Grand Prix,1999-10-17,\N,http://en.wikipedia.org/wiki/1999_Malaysian_Grand_Prix,\N,\N,\N,\N,\N,\N,\N,\N,\N,\N
190,1999,16,22,Japanese Grand Prix,1999-10-31,\N,http://en.wikipedia.org/wiki/1999_Japanese_Grand_Prix,\N,\N,\N,\N,\N,\N,\N,\N,\N,\N
191,1998,1,1,Australian Grand Prix,1998-03-08,\N,http://en.wikipedia.org/wiki/1998_Australian_Grand_Prix,\N,\N,\N,\N,\N,\N,\N,\N,\N,\N
192,1998,2,18,Brazilian Grand Prix,1998-03-29,\N,http://en.wikipedia.org/wiki/1998_Brazilian_Grand_Prix,\N,\N,\N,\N,\N,\N,\N,\N,\N,\N
193,1998,3,25,Argentine Grand Prix,1998-04-12,\N,http://en.wikipedia.org/wiki/1998_Argentine_Grand_Prix,\N,\N,\N,\N,\N,\N,\N,\N,\N,\N
194,1998,4,21,San Marino Grand Prix,1998-04-26,\N,http://en.wikipedia.org/wiki/1998_San_Marino_Grand_Prix,\N,\N,\N,\N,\N,\N,\N,\N,\N,\N
195,1998,5,4,Spanish Grand Prix,1998-05-10,\N,http://en.wikipedia.org/wiki/1998_Spanish_Grand_Prix,\N,\N,\N,\N,\N,\N,\N,\N,\N,\N
196,1998,6,6,Monaco Grand Prix,1998-05-24,\N,http://en.wikipedia.org/wiki/1998_Monaco_Grand_Prix,\N,\N,\N,\N,\N,\N,\N,\N,\N,\N
197,1998,7,7,Canadian Grand Prix,1998-06-07,\N,http://en.wikipedia.org/wiki/1998_Canadian_Grand_Prix,\N,\N,\N,\N,\N,\N,\N,\N,\N,\N
198,1998,8,8,French Grand Prix,1998-06-28,\N,http://en.wikipedia.org/wiki/1998_French_Grand_Prix,\N,\N,\N,\N,\N,\N,\N,\N,\N,\N
199,1998,9,9,British Grand Prix,1998-07-12,\N,http://en.wikipedia.org/wiki/1998_British_Grand_Prix,\N,\N,\N,\N,\N,\N,\N,\N,\N,\N
200,1998,10,70,Austrian Grand Prix,1998-07-26,\N,http://en.wikipedia.org/wiki/1998_Austrian_Grand_Prix,\N,\N,\N,\N,\N,\N,\N,\N,\N,\N
201,1998,11,10,German Grand Prix,1998-08-02,\N,http://en.wikipedia.org/wiki/1998_German_Grand_Prix,\N,\N,\N,\N,\N,\N,\N,\N,\N,\N
202,1998,12,11,Hungarian Grand Prix,1998-08-16,\N,http://en.wikipedia.org/wiki/1998_Hungarian_Grand_Prix,\N,\N,\N,\N,\N,\N,\N,\N,\N,\N
203,1998,13,13,Belgian Grand Prix,1998-08-30,\N,http://en.wikipedia.org/wiki/1998_Belgian_Grand_Prix,\N,\N,\N,\N,\N,\N,\N,\N,\N,\N
204,1998,14,14,Italian Grand Prix,1998-09-13,\N,http://en.wikipedia.org/wiki/1998_Italian_Grand_Prix,\N,\N,\N,\N,\N,\N,\N,\N,\N,\N
205,1998,15,20,Luxembourg Grand Prix,1998-09-27,\N,http://en.wikipedia.org/wiki/1998_Luxembourg_Grand_Prix,\N,\N,\N,\N,\N,\N,\N,\N,\N,\N
206,1998,16,22,Japanese Grand Prix,1998-11-01,\N,http://en.wikipedia.org/wiki/1998_Japanese_Grand_Prix,\N,\N,\N,\N,\N,\N,\N,\N,\N,\N
207,1997,1,1,Australian Grand Prix,1997-03-09,\N,http://en.wikipedia.org/wiki/1997_Australian_Grand_Prix,\N,\N,\N,\N,\N,\N,\N,\N,\N,\N
208,1997,2,18,Brazilian Grand Prix,1997-03-30,\N,http://en.wikipedia.org/wiki/1997_Brazilian_Grand_Prix,\N,\N,\N,\N,\N,\N,\N,\N,\N,\N
209,1997,3,25,Argentine Grand Prix,1997-04-13,\N,http://en.wikipedia.org/wiki/1997_Argentine_Grand_Prix,\N,\N,\N,\N,\N,\N,\N,\N,\N,\N
210,1997,4,21,San Marino Grand Prix,1997-04-27,\N,http://en.wikipedia.org/wiki/1997_San_Marino_Grand_Prix,\N,\N,\N,\N,\N,\N,\N,\N,\N,\N
211,1997,5,6,Monaco Grand Prix,1997-05-11,\N,http://en.wikipedia.org/wiki/1997_Monaco_Grand_Prix,\N,\N,\N,\N,\N,\N,\N,\N,\N,\N
212,1997,6,4,Spanish Grand Prix,1997-05-25,\N,http://en.wikipedia.org/wiki/1997_Spanish_Grand_Prix,\N,\N,\N,\N,\N,\N,\N,\N,\N,\N
213,1997,7,7,Canadian Grand Prix,1997-06-15,\N,http://en.wikipedia.org/wiki/1997_Canadian_Grand_Prix,\N,\N,\N,\N,\N,\N,\N,\N,\N,\N
214,1997,8,8,French Grand Prix,1997-06-29,\N,http://en.wikipedia.org/wiki/1997_French_Grand_Prix,\N,\N,\N,\N,\N,\N,\N,\N,\N,\N
215,1997,9,9,British Grand Prix,1997-07-13,\N,http://en.wikipedia.org/wiki/1997_British_Grand_Prix,\N,\N,\N,\N,\N,\N,\N,\N,\N,\N
216,1997,10,10,German Grand Prix,1997-07-27,\N,http://en.wikipedia.org/wiki/1997_German_Grand_Prix,\N,\N,\N,\N,\N,\N,\N,\N,\N,\N
217,1997,11,11,Hungarian Grand Prix,1997-08-10,\N,http://en.wikipedia.org/wiki/1997_Hungarian_Grand_Prix,\N,\N,\N,\N,\N,\N,\N,\N,\N,\N
218,1997,12,13,Belgian Grand Prix,1997-08-24,\N,http://en.wikipedia.org/wiki/1997_Belgian_Grand_Prix,\N,\N,\N,\N,\N,\N,\N,\N,\N,\N
219,1997,13,14,Italian Grand Prix,1997-09-07,\N,http://en.wikipedia.org/wiki/1997_Italian_Grand_Prix,\N,\N,\N,\N,\N,\N,\N,\N,\N,\N
220,1997,14,70,Austrian Grand Prix,1997-09-21,\N,http://en.wikipedia.org/wiki/1997_Austrian_Grand_Prix,\N,\N,\N,\N,\N,\N,\N,\N,\N,\N
221,1997,15,20,Luxembourg Grand Prix,1997-09-28,\N,http://en.wikipedia.org/wiki/1997_Luxembourg_Grand_Prix,\N,\N,\N,\N,\N,\N,\N,\N,\N,\N
222,1997,16,22,Japanese Grand Prix,1997-10-12,\N,http://en.wikipedia.org/wiki/1997_Japanese_Grand_Prix,\N,\N,\N,\N,\N,\N,\N,\N,\N,\N
223,1997,17,26,European Grand Prix,1997-10-26,\N,http://en.wikipedia.org/wiki/1997_European_Grand_Prix,\N,\N,\N,\N,\N,\N,\N,\N,\N,\N
224,1996,1,1,Australian Grand Prix,1996-03-10,\N,http://en.wikipedia.org/wiki/1996_Australian_Grand_Prix,\N,\N,\N,\N,\N,\N,\N,\N,\N,\N
225,1996,2,18,Brazilian Grand Prix,1996-03-31,\N,http://en.wikipedia.org/wiki/1996_Brazilian_Grand_Prix,\N,\N,\N,\N,\N,\N,\N,\N,\N,\N
226,1996,3,25,Argentine Grand Prix,1996-04-07,\N,http://en.wikipedia.org/wiki/1996_Argentine_Grand_Prix,\N,\N,\N,\N,\N,\N,\N,\N,\N,\N
227,1996,4,20,European Grand Prix,1996-04-28,\N,http://en.wikipedia.org/wiki/1996_European_Grand_Prix,\N,\N,\N,\N,\N,\N,\N,\N,\N,\N
228,1996,5,21,San Marino Grand Prix,1996-05-05,\N,http://en.wikipedia.org/wiki/1996_San_Marino_Grand_Prix,\N,\N,\N,\N,\N,\N,\N,\N,\N,\N
229,1996,6,6,Monaco Grand Prix,1996-05-19,\N,http://en.wikipedia.org/wiki/1996_Monaco_Grand_Prix,\N,\N,\N,\N,\N,\N,\N,\N,\N,\N
230,1996,7,4,Spanish Grand Prix,1996-06-02,\N,http://en.wikipedia.org/wiki/1996_Spanish_Grand_Prix,\N,\N,\N,\N,\N,\N,\N,\N,\N,\N
231,1996,8,7,Canadian Grand Prix,1996-06-16,\N,http://en.wikipedia.org/wiki/1996_Canadian_Grand_Prix,\N,\N,\N,\N,\N,\N,\N,\N,\N,\N
232,1996,9,8,French Grand Prix,1996-06-30,\N,http://en.wikipedia.org/wiki/1996_French_Grand_Prix,\N,\N,\N,\N,\N,\N,\N,\N,\N,\N
233,1996,10,9,British Grand Prix,1996-07-14,\N,http://en.wikipedia.org/wiki/1996_British_Grand_Prix,\N,\N,\N,\N,\N,\N,\N,\N,\N,\N
234,1996,11,10,German Grand Prix,1996-07-28,\N,http://en.wikipedia.org/wiki/1996_German_Grand_Prix,\N,\N,\N,\N,\N,\N,\N,\N,\N,\N
235,1996,12,11,Hungarian Grand Prix,1996-08-11,\N,http://en.wikipedia.org/wiki/1996_Hungarian_Grand_Prix,\N,\N,\N,\N,\N,\N,\N,\N,\N,\N
236,1996,13,13,Belgian Grand Prix,1996-08-25,\N,http://en.wikipedia.org/wiki/1996_Belgian_Grand_Prix,\N,\N,\N,\N,\N,\N,\N,\N,\N,\N
237,1996,14,14,Italian Grand Prix,1996-09-08,\N,http://en.wikipedia.org/wiki/1996_Italian_Grand_Prix,\N,\N,\N,\N,\N,\N,\N,\N,\N,\N
238,1996,15,27,Portuguese Grand Prix,1996-09-22,\N,http://en.wikipedia.org/wiki/1996_Portuguese_Grand_Prix,\N,\N,\N,\N,\N,\N,\N,\N,\N,\N
239,1996,16,22,Japanese Grand Prix,1996-10-13,\N,http://en.wikipedia.org/wiki/1996_Japanese_Grand_Prix,\N,\N,\N,\N,\N,\N,\N,\N,\N,\N
240,1995,1,18,Brazilian Grand Prix,1995-03-26,\N,http://en.wikipedia.org/wiki/1995_Brazilian_Grand_Prix,\N,\N,\N,\N,\N,\N,\N,\N,\N,\N
241,1995,2,25,Argentine Grand Prix,1995-04-09,\N,http://en.wikipedia.org/wiki/1995_Argentine_Grand_Prix,\N,\N,\N,\N,\N,\N,\N,\N,\N,\N
242,1995,3,21,San Marino Grand Prix,1995-04-30,\N,http://en.wikipedia.org/wiki/1995_San_Marino_Grand_Prix,\N,\N,\N,\N,\N,\N,\N,\N,\N,\N
243,1995,4,4,Spanish Grand Prix,1995-05-14,\N,http://en.wikipedia.org/wiki/1995_Spanish_Grand_Prix,\N,\N,\N,\N,\N,\N,\N,\N,\N,\N
244,1995,5,6,Monaco Grand Prix,1995-05-28,\N,http://en.wikipedia.org/wiki/1995_Monaco_Grand_Prix,\N,\N,\N,\N,\N,\N,\N,\N,\N,\N
245,1995,6,7,Canadian Grand Prix,1995-06-11,\N,http://en.wikipedia.org/wiki/1995_Canadian_Grand_Prix,\N,\N,\N,\N,\N,\N,\N,\N,\N,\N
246,1995,7,8,French Grand Prix,1995-07-02,\N,http://en.wikipedia.org/wiki/1995_French_Grand_Prix,\N,\N,\N,\N,\N,\N,\N,\N,\N,\N
247,1995,8,9,British Grand Prix,1995-07-16,\N,http://en.wikipedia.org/wiki/1995_British_Grand_Prix,\N,\N,\N,\N,\N,\N,\N,\N,\N,\N
248,1995,9,10,German Grand Prix,1995-07-30,\N,http://en.wikipedia.org/wiki/1995_German_Grand_Prix,\N,\N,\N,\N,\N,\N,\N,\N,\N,\N
249,1995,10,11,Hungarian Grand Prix,1995-08-13,\N,http://en.wikipedia.org/wiki/1995_Hungarian_Grand_Prix,\N,\N,\N,\N,\N,\N,\N,\N,\N,\N
250,1995,11,13,Belgian Grand Prix,1995-08-27,\N,http://en.wikipedia.org/wiki/1995_Belgian_Grand_Prix,\N,\N,\N,\N,\N,\N,\N,\N,\N,\N
251,1995,12,14,Italian Grand Prix,1995-09-10,\N,http://en.wikipedia.org/wiki/1995_Italian_Grand_Prix,\N,\N,\N,\N,\N,\N,\N,\N,\N,\N
252,1995,13,27,Portuguese Grand Prix,1995-09-24,\N,http://en.wikipedia.org/wiki/1995_Portuguese_Grand_Prix,\N,\N,\N,\N,\N,\N,\N,\N,\N,\N
253,1995,14,20,European Grand Prix,1995-10-01,\N,http://en.wikipedia.org/wiki/1995_European_Grand_Prix,\N,\N,\N,\N,\N,\N,\N,\N,\N,\N
254,1995,15,28,Pacific Grand Prix,1995-10-22,\N,http://en.wikipedia.org/wiki/1995_Pacific_Grand_Prix,\N,\N,\N,\N,\N,\N,\N,\N,\N,\N
255,1995,16,22,Japanese Grand Prix,1995-10-29,\N,http://en.wikipedia.org/wiki/1995_Japanese_Grand_Prix,\N,\N,\N,\N,\N,\N,\N,\N,\N,\N
256,1995,17,29,Australian Grand Prix,1995-11-12,\N,http://en.wikipedia.org/wiki/1995_Australian_Grand_Prix,\N,\N,\N,\N,\N,\N,\N,\N,\N,\N
257,1994,1,18,Brazilian Grand Prix,1994-03-27,\N,http://en.wikipedia.org/wiki/1994_Brazilian_Grand_Prix,\N,\N,\N,\N,\N,\N,\N,\N,\N,\N
258,1994,2,28,Pacific Grand Prix,1994-04-17,\N,http://en.wikipedia.org/wiki/1994_Pacific_Grand_Prix,\N,\N,\N,\N,\N,\N,\N,\N,\N,\N
259,1994,3,21,San Marino Grand Prix,1994-05-01,\N,http://en.wikipedia.org/wiki/1994_San_Marino_Grand_Prix,\N,\N,\N,\N,\N,\N,\N,\N,\N,\N
260,1994,4,6,Monaco Grand Prix,1994-05-15,\N,http://en.wikipedia.org/wiki/1994_Monaco_Grand_Prix,\N,\N,\N,\N,\N,\N,\N,\N,\N,\N
261,1994,5,4,Spanish Grand Prix,1994-05-29,\N,http://en.wikipedia.org/wiki/1994_Spanish_Grand_Prix,\N,\N,\N,\N,\N,\N,\N,\N,\N,\N
262,1994,6,7,Canadian Grand Prix,1994-06-12,\N,http://en.wikipedia.org/wiki/1994_Canadian_Grand_Prix,\N,\N,\N,\N,\N,\N,\N,\N,\N,\N
263,1994,7,8,French Grand Prix,1994-07-03,\N,http://en.wikipedia.org/wiki/1994_French_Grand_Prix,\N,\N,\N,\N,\N,\N,\N,\N,\N,\N
264,1994,8,9,British Grand Prix,1994-07-10,\N,http://en.wikipedia.org/wiki/1994_British_Grand_Prix,\N,\N,\N,\N,\N,\N,\N,\N,\N,\N
265,1994,9,10,German Grand Prix,1994-07-31,\N,http://en.wikipedia.org/wiki/1994_German_Grand_Prix,\N,\N,\N,\N,\N,\N,\N,\N,\N,\N
266,1994,10,11,Hungarian Grand Prix,1994-08-14,\N,http://en.wikipedia.org/wiki/1994_Hungarian_Grand_Prix,\N,\N,\N,\N,\N,\N,\N,\N,\N,\N
267,1994,11,13,Belgian Grand Prix,1994-08-28,\N,http://en.wikipedia.org/wiki/1994_Belgian_Grand_Prix,\N,\N,\N,\N,\N,\N,\N,\N,\N,\N
268,1994,12,14,Italian Grand Prix,1994-09-11,\N,http://en.wikipedia.org/wiki/1994_Italian_Grand_Prix,\N,\N,\N,\N,\N,\N,\N,\N,\N,\N
269,1994,13,27,Portuguese Grand Prix,1994-09-25,\N,http://en.wikipedia.org/wiki/1994_Portuguese_Grand_Prix,\N,\N,\N,\N,\N,\N,\N,\N,\N,\N
270,1994,14,26,European Grand Prix,1994-10-16,\N,http://en.wikipedia.org/wiki/1994_European_Grand_Prix,\N,\N,\N,\N,\N,\N,\N,\N,\N,\N
271,1994,15,22,Japanese Grand Prix,1994-11-06,\N,http://en.wikipedia.org/wiki/1994_Japanese_Grand_Prix,\N,\N,\N,\N,\N,\N,\N,\N,\N,\N
272,1994,16,29,Australian Grand Prix,1994-11-13,\N,http://en.wikipedia.org/wiki/1994_Australian_Grand_Prix,\N,\N,\N,\N,\N,\N,\N,\N,\N,\N
273,1993,1,30,South African Grand Prix,1993-03-14,\N,http://en.wikipedia.org/wiki/1993_South_African_Grand_Prix,\N,\N,\N,\N,\N,\N,\N,\N,\N,\N
274,1993,2,18,Brazilian Grand Prix,1993-03-28,\N,http://en.wikipedia.org/wiki/1993_Brazilian_Grand_Prix,\N,\N,\N,\N,\N,\N,\N,\N,\N,\N
275,1993,3,31,European Grand Prix,1993-04-11,\N,http://en.wikipedia.org/wiki/1993_European_Grand_Prix,\N,\N,\N,\N,\N,\N,\N,\N,\N,\N
276,1993,4,21,San Marino Grand Prix,1993-04-25,\N,http://en.wikipedia.org/wiki/1993_San_Marino_Grand_Prix,\N,\N,\N,\N,\N,\N,\N,\N,\N,\N
277,1993,5,4,Spanish Grand Prix,1993-05-09,\N,http://en.wikipedia.org/wiki/1993_Spanish_Grand_Prix,\N,\N,\N,\N,\N,\N,\N,\N,\N,\N
278,1993,6,6,Monaco Grand Prix,1993-05-23,\N,http://en.wikipedia.org/wiki/1993_Monaco_Grand_Prix,\N,\N,\N,\N,\N,\N,\N,\N,\N,\N
279,1993,7,7,Canadian Grand Prix,1993-06-13,\N,http://en.wikipedia.org/wiki/1993_Canadian_Grand_Prix,\N,\N,\N,\N,\N,\N,\N,\N,\N,\N
280,1993,8,8,French Grand Prix,1993-07-04,\N,http://en.wikipedia.org/wiki/1993_French_Grand_Prix,\N,\N,\N,\N,\N,\N,\N,\N,\N,\N
281,1993,9,9,British Grand Prix,1993-07-11,\N,http://en.wikipedia.org/wiki/1993_British_Grand_Prix,\N,\N,\N,\N,\N,\N,\N,\N,\N,\N
282,1993,10,10,German Grand Prix,1993-07-25,\N,http://en.wikipedia.org/wiki/1993_German_Grand_Prix,\N,\N,\N,\N,\N,\N,\N,\N,\N,\N
283,1993,11,11,Hungarian Grand Prix,1993-08-15,\N,http://en.wikipedia.org/wiki/1993_Hungarian_Grand_Prix,\N,\N,\N,\N,\N,\N,\N,\N,\N,\N
284,1993,12,13,Belgian Grand Prix,1993-08-29,\N,http://en.wikipedia.org/wiki/1993_Belgian_Grand_Prix,\N,\N,\N,\N,\N,\N,\N,\N,\N,\N
285,1993,13,14,Italian Grand Prix,1993-09-12,\N,http://en.wikipedia.org/wiki/1993_Italian_Grand_Prix,\N,\N,\N,\N,\N,\N,\N,\N,\N,\N
286,1993,14,27,Portuguese Grand Prix,1993-09-26,\N,http://en.wikipedia.org/wiki/1993_Portuguese_Grand_Prix,\N,\N,\N,\N,\N,\N,\N,\N,\N,\N
287,1993,15,22,Japanese Grand Prix,1993-10-24,\N,http://en.wikipedia.org/wiki/1993_Japanese_Grand_Prix,\N,\N,\N,\N,\N,\N,\N,\N,\N,\N
288,1993,16,29,Australian Grand Prix,1993-11-07,\N,http://en.wikipedia.org/wiki/1993_Australian_Grand_Prix,\N,\N,\N,\N,\N,\N,\N,\N,\N,\N
289,1992,1,30,South African Grand Prix,1992-03-01,\N,http://en.wikipedia.org/wiki/1992_South_African_Grand_Prix,\N,\N,\N,\N,\N,\N,\N,\N,\N,\N
290,1992,2,32,Mexican Grand Prix,1992-03-22,\N,http://en.wikipedia.org/wiki/1992_Mexican_Grand_Prix,\N,\N,\N,\N,\N,\N,\N,\N,\N,\N
291,1992,3,18,Brazilian Grand Prix,1992-04-05,\N,http://en.wikipedia.org/wiki/1992_Brazilian_Grand_Prix,\N,\N,\N,\N,\N,\N,\N,\N,\N,\N
292,1992,4,4,Spanish Grand Prix,1992-05-03,\N,http://en.wikipedia.org/wiki/1992_Spanish_Grand_Prix,\N,\N,\N,\N,\N,\N,\N,\N,\N,\N
293,1992,5,21,San Marino Grand Prix,1992-05-17,\N,http://en.wikipedia.org/wiki/1992_San_Marino_Grand_Prix,\N,\N,\N,\N,\N,\N,\N,\N,\N,\N
294,1992,6,6,Monaco Grand Prix,1992-05-31,\N,http://en.wikipedia.org/wiki/1992_Monaco_Grand_Prix,\N,\N,\N,\N,\N,\N,\N,\N,\N,\N
295,1992,7,7,Canadian Grand Prix,1992-06-14,\N,http://en.wikipedia.org/wiki/1992_Canadian_Grand_Prix,\N,\N,\N,\N,\N,\N,\N,\N,\N,\N
296,1992,8,8,French Grand Prix,1992-07-05,\N,http://en.wikipedia.org/wiki/1992_French_Grand_Prix,\N,\N,\N,\N,\N,\N,\N,\N,\N,\N
297,1992,9,9,British Grand Prix,1992-07-12,\N,http://en.wikipedia.org/wiki/1992_British_Grand_Prix,\N,\N,\N,\N,\N,\N,\N,\N,\N,\N
298,1992,10,10,German Grand Prix,1992-07-26,\N,http://en.wikipedia.org/wiki/1992_German_Grand_Prix,\N,\N,\N,\N,\N,\N,\N,\N,\N,\N
299,1992,11,11,Hungarian Grand Prix,1992-08-16,\N,http://en.wikipedia.org/wiki/1992_Hungarian_Grand_Prix,\N,\N,\N,\N,\N,\N,\N,\N,\N,\N
300,1992,12,13,Belgian Grand Prix,1992-08-30,\N,http://en.wikipedia.org/wiki/1992_Belgian_Grand_Prix,\N,\N,\N,\N,\N,\N,\N,\N,\N,\N
301,1992,13,14,Italian Grand Prix,1992-09-13,\N,http://en.wikipedia.org/wiki/1992_Italian_Grand_Prix,\N,\N,\N,\N,\N,\N,\N,\N,\N,\N
302,1992,14,27,Portuguese Grand Prix,1992-09-27,\N,http://en.wikipedia.org/wiki/1992_Portuguese_Grand_Prix,\N,\N,\N,\N,\N,\N,\N,\N,\N,\N
303,1992,15,22,Japanese Grand Prix,1992-10-25,\N,http://en.wikipedia.org/wiki/1992_Japanese_Grand_Prix,\N,\N,\N,\N,\N,\N,\N,\N,\N,\N
304,1992,16,29,Australian Grand Prix,1992-11-08,\N,http://en.wikipedia.org/wiki/1992_Australian_Grand_Prix,\N,\N,\N,\N,\N,\N,\N,\N,\N,\N
305,1991,1,33,United States Grand Prix,1991-03-10,\N,http://en.wikipedia.org/wiki/1991_United_States_Grand_Prix,\N,\N,\N,\N,\N,\N,\N,\N,\N,\N
306,1991,2,18,Brazilian Grand Prix,1991-03-24,\N,http://en.wikipedia.org/wiki/1991_Brazilian_Grand_Prix,\N,\N,\N,\N,\N,\N,\N,\N,\N,\N
307,1991,3,21,San Marino Grand Prix,1991-04-28,\N,http://en.wikipedia.org/wiki/1991_San_Marino_Grand_Prix,\N,\N,\N,\N,\N,\N,\N,\N,\N,\N
308,1991,4,6,Monaco Grand Prix,1991-05-12,\N,http://en.wikipedia.org/wiki/1991_Monaco_Grand_Prix,\N,\N,\N,\N,\N,\N,\N,\N,\N,\N
309,1991,5,7,Canadian Grand Prix,1991-06-02,\N,http://en.wikipedia.org/wiki/1991_Canadian_Grand_Prix,\N,\N,\N,\N,\N,\N,\N,\N,\N,\N
310,1991,6,32,Mexican Grand Prix,1991-06-16,\N,http://en.wikipedia.org/wiki/1991_Mexican_Grand_Prix,\N,\N,\N,\N,\N,\N,\N,\N,\N,\N
311,1991,7,8,French Grand Prix,1991-07-07,\N,http://en.wikipedia.org/wiki/1991_French_Grand_Prix,\N,\N,\N,\N,\N,\N,\N,\N,\N,\N
312,1991,8,9,British Grand Prix,1991-07-14,\N,http://en.wikipedia.org/wiki/1991_British_Grand_Prix,\N,\N,\N,\N,\N,\N,\N,\N,\N,\N
313,1991,9,10,German Grand Prix,1991-07-28,\N,http://en.wikipedia.org/wiki/1991_German_Grand_Prix,\N,\N,\N,\N,\N,\N,\N,\N,\N,\N
314,1991,10,11,Hungarian Grand Prix,1991-08-11,\N,http://en.wikipedia.org/wiki/1991_Hungarian_Grand_Prix,\N,\N,\N,\N,\N,\N,\N,\N,\N,\N
315,1991,11,13,Belgian Grand Prix,1991-08-25,\N,http://en.wikipedia.org/wiki/1991_Belgian_Grand_Prix,\N,\N,\N,\N,\N,\N,\N,\N,\N,\N
316,1991,12,14,Italian Grand Prix,1991-09-08,\N,http://en.wikipedia.org/wiki/1991_Italian_Grand_Prix,\N,\N,\N,\N,\N,\N,\N,\N,\N,\N
317,1991,13,27,Portuguese Grand Prix,1991-09-22,\N,http://en.wikipedia.org/wiki/1991_Portuguese_Grand_Prix,\N,\N,\N,\N,\N,\N,\N,\N,\N,\N
318,1991,14,4,Spanish Grand Prix,1991-09-29,\N,http://en.wikipedia.org/wiki/1991_Spanish_Grand_Prix,\N,\N,\N,\N,\N,\N,\N,\N,\N,\N
319,1991,15,22,Japanese Grand Prix,1991-10-20,\N,http://en.wikipedia.org/wiki/1991_Japanese_Grand_Prix,\N,\N,\N,\N,\N,\N,\N,\N,\N,\N
320,1991,16,29,Australian Grand Prix,1991-11-03,\N,http://en.wikipedia.org/wiki/1991_Australian_Grand_Prix,\N,\N,\N,\N,\N,\N,\N,\N,\N,\N
321,1990,1,33,United States Grand Prix,1990-03-11,\N,http://en.wikipedia.org/wiki/1990_United_States_Grand_Prix,\N,\N,\N,\N,\N,\N,\N,\N,\N,\N
322,1990,2,18,Brazilian Grand Prix,1990-03-25,\N,http://en.wikipedia.org/wiki/1990_Brazilian_Grand_Prix,\N,\N,\N,\N,\N,\N,\N,\N,\N,\N
323,1990,3,21,San Marino Grand Prix,1990-05-13,\N,http://en.wikipedia.org/wiki/1990_San_Marino_Grand_Prix,\N,\N,\N,\N,\N,\N,\N,\N,\N,\N
324,1990,4,6,Monaco Grand Prix,1990-05-27,\N,http://en.wikipedia.org/wiki/1990_Monaco_Grand_Prix,\N,\N,\N,\N,\N,\N,\N,\N,\N,\N
325,1990,5,7,Canadian Grand Prix,1990-06-10,\N,http://en.wikipedia.org/wiki/1990_Canadian_Grand_Prix,\N,\N,\N,\N,\N,\N,\N,\N,\N,\N
326,1990,6,32,Mexican Grand Prix,1990-06-24,\N,http://en.wikipedia.org/wiki/1990_Mexican_Grand_Prix,\N,\N,\N,\N,\N,\N,\N,\N,\N,\N
327,1990,7,34,French Grand Prix,1990-07-08,\N,http://en.wikipedia.org/wiki/1990_French_Grand_Prix,\N,\N,\N,\N,\N,\N,\N,\N,\N,\N
328,1990,8,9,British Grand Prix,1990-07-15,\N,http://en.wikipedia.org/wiki/1990_British_Grand_Prix,\N,\N,\N,\N,\N,\N,\N,\N,\N,\N
329,1990,9,10,German Grand Prix,1990-07-29,\N,http://en.wikipedia.org/wiki/1990_German_Grand_Prix,\N,\N,\N,\N,\N,\N,\N,\N,\N,\N
330,1990,10,11,Hungarian Grand Prix,1990-08-12,\N,http://en.wikipedia.org/wiki/1990_Hungarian_Grand_Prix,\N,\N,\N,\N,\N,\N,\N,\N,\N,\N
331,1990,11,13,Belgian Grand Prix,1990-08-26,\N,http://en.wikipedia.org/wiki/1990_Belgian_Grand_Prix,\N,\N,\N,\N,\N,\N,\N,\N,\N,\N
332,1990,12,14,Italian Grand Prix,1990-09-09,\N,http://en.wikipedia.org/wiki/1990_Italian_Grand_Prix,\N,\N,\N,\N,\N,\N,\N,\N,\N,\N
333,1990,13,27,Portuguese Grand Prix,1990-09-23,\N,http://en.wikipedia.org/wiki/1990_Portuguese_Grand_Prix,\N,\N,\N,\N,\N,\N,\N,\N,\N,\N
334,1990,14,26,Spanish Grand Prix,1990-09-30,\N,http://en.wikipedia.org/wiki/1990_Spanish_Grand_Prix,\N,\N,\N,\N,\N,\N,\N,\N,\N,\N
335,1990,15,22,Japanese Grand Prix,1990-10-21,\N,http://en.wikipedia.org/wiki/1990_Japanese_Grand_Prix,\N,\N,\N,\N,\N,\N,\N,\N,\N,\N
336,1990,16,29,Australian Grand Prix,1990-11-04,\N,http://en.wikipedia.org/wiki/1990_Australian_Grand_Prix,\N,\N,\N,\N,\N,\N,\N,\N,\N,\N
337,2010,1,3,Bahrain Grand Prix,2010-03-14,12:00:00,http://en.wikipedia.org/wiki/2010_Bahrain_Grand_Prix,\N,\N,\N,\N,\N,\N,\N,\N,\N,\N
338,2010,2,1,Australian Grand Prix,2010-03-28,06:00:00,http://en.wikipedia.org/wiki/2010_Australian_Grand_Prix,\N,\N,\N,\N,\N,\N,\N,\N,\N,\N
339,2010,3,2,Malaysian Grand Prix,2010-04-04,08:00:00,http://en.wikipedia.org/wiki/2010_Malaysian_Grand_Prix,\N,\N,\N,\N,\N,\N,\N,\N,\N,\N
340,2010,4,17,Chinese Grand Prix,2010-04-18,06:00:00,http://en.wikipedia.org/wiki/2010_Chinese_Grand_Prix,\N,\N,\N,\N,\N,\N,\N,\N,\N,\N
341,2010,5,4,Spanish Grand Prix,2010-05-09,12:00:00,http://en.wikipedia.org/wiki/2010_Spanish_Grand_Prix,\N,\N,\N,\N,\N,\N,\N,\N,\N,\N
342,2010,6,6,Monaco Grand Prix,2010-05-16,12:00:00,http://en.wikipedia.org/wiki/2010_Monaco_Grand_Prix,\N,\N,\N,\N,\N,\N,\N,\N,\N,\N
343,2010,7,5,Turkish Grand Prix,2010-05-30,11:00:00,http://en.wikipedia.org/wiki/2010_Turkish_Grand_Prix,\N,\N,\N,\N,\N,\N,\N,\N,\N,\N
344,2010,8,7,Canadian Grand Prix,2010-06-13,16:00:00,http://en.wikipedia.org/wiki/2010_Canadian_Grand_Prix,\N,\N,\N,\N,\N,\N,\N,\N,\N,\N
345,2010,9,12,European Grand Prix,2010-06-27,12:00:00,http://en.wikipedia.org/wiki/2010_European_Grand_Prix,\N,\N,\N,\N,\N,\N,\N,\N,\N,\N
346,2010,10,9,British Grand Prix,2010-07-11,12:00:00,http://en.wikipedia.org/wiki/2010_British_Grand_Prix,\N,\N,\N,\N,\N,\N,\N,\N,\N,\N
347,2010,11,10,German Grand Prix,2010-07-25,12:00:00,http://en.wikipedia.org/wiki/2010_German_Grand_Prix,\N,\N,\N,\N,\N,\N,\N,\N,\N,\N
348,2010,12,11,Hungarian Grand Prix,2010-08-01,12:00:00,http://en.wikipedia.org/wiki/2010_Hungarian_Grand_Prix,\N,\N,\N,\N,\N,\N,\N,\N,\N,\N
349,2010,13,13,Belgian Grand Prix,2010-08-29,12:00:00,http://en.wikipedia.org/wiki/2010_Belgian_Grand_Prix,\N,\N,\N,\N,\N,\N,\N,\N,\N,\N
350,2010,14,14,Italian Grand Prix,2010-09-12,12:00:00,http://en.wikipedia.org/wiki/2010_Italian_Grand_Prix,\N,\N,\N,\N,\N,\N,\N,\N,\N,\N
351,2010,15,15,Singapore Grand Prix,2010-09-26,12:00:00,http://en.wikipedia.org/wiki/2010_Singapore_Grand_Prix,\N,\N,\N,\N,\N,\N,\N,\N,\N,\N
352,2010,16,22,Japanese Grand Prix,2010-10-10,06:00:00,http://en.wikipedia.org/wiki/2010_Japanese_Grand_Prix,\N,\N,\N,\N,\N,\N,\N,\N,\N,\N
353,2010,17,35,Korean Grand Prix,2010-10-24,05:00:00,http://en.wikipedia.org/wiki/2010_Korean_Grand_Prix,\N,\N,\N,\N,\N,\N,\N,\N,\N,\N
354,2010,18,18,Brazilian Grand Prix,2010-11-07,16:00:00,http://en.wikipedia.org/wiki/2010_Brazilian_Grand_Prix,\N,\N,\N,\N,\N,\N,\N,\N,\N,\N
355,2010,19,24,Abu Dhabi Grand Prix,2010-11-14,13:00:00,http://en.wikipedia.org/wiki/2010_Abu_Dhabi_Grand_Prix,\N,\N,\N,\N,\N,\N,\N,\N,\N,\N
356,1989,1,36,Brazilian Grand Prix,1989-03-26,\N,http://en.wikipedia.org/wiki/1989_Brazilian_Grand_Prix,\N,\N,\N,\N,\N,\N,\N,\N,\N,\N
357,1989,2,21,San Marino Grand Prix,1989-04-23,\N,http://en.wikipedia.org/wiki/1989_San_Marino_Grand_Prix,\N,\N,\N,\N,\N,\N,\N,\N,\N,\N
358,1989,3,6,Monaco Grand Prix,1989-05-07,\N,http://en.wikipedia.org/wiki/1989_Monaco_Grand_Prix,\N,\N,\N,\N,\N,\N,\N,\N,\N,\N
359,1989,4,32,Mexican Grand Prix,1989-05-28,\N,http://en.wikipedia.org/wiki/1989_Mexican_Grand_Prix,\N,\N,\N,\N,\N,\N,\N,\N,\N,\N
360,1989,5,33,United States Grand Prix,1989-06-04,\N,http://en.wikipedia.org/wiki/1989_United_States_Grand_Prix,\N,\N,\N,\N,\N,\N,\N,\N,\N,\N
361,1989,6,7,Canadian Grand Prix,1989-06-18,\N,http://en.wikipedia.org/wiki/1989_Canadian_Grand_Prix,\N,\N,\N,\N,\N,\N,\N,\N,\N,\N
362,1989,7,34,French Grand Prix,1989-07-09,\N,http://en.wikipedia.org/wiki/1989_French_Grand_Prix,\N,\N,\N,\N,\N,\N,\N,\N,\N,\N
363,1989,8,9,British Grand Prix,1989-07-16,\N,http://en.wikipedia.org/wiki/1989_British_Grand_Prix,\N,\N,\N,\N,\N,\N,\N,\N,\N,\N
364,1989,9,10,German Grand Prix,1989-07-30,\N,http://en.wikipedia.org/wiki/1989_German_Grand_Prix,\N,\N,\N,\N,\N,\N,\N,\N,\N,\N
365,1989,10,11,Hungarian Grand Prix,1989-08-13,\N,http://en.wikipedia.org/wiki/1989_Hungarian_Grand_Prix,\N,\N,\N,\N,\N,\N,\N,\N,\N,\N
366,1989,11,13,Belgian Grand Prix,1989-08-27,\N,http://en.wikipedia.org/wiki/1989_Belgian_Grand_Prix,\N,\N,\N,\N,\N,\N,\N,\N,\N,\N
367,1989,12,14,Italian Grand Prix,1989-09-10,\N,http://en.wikipedia.org/wiki/1989_Italian_Grand_Prix,\N,\N,\N,\N,\N,\N,\N,\N,\N,\N
368,1989,13,27,Portuguese Grand Prix,1989-09-24,\N,http://en.wikipedia.org/wiki/1989_Portuguese_Grand_Prix,\N,\N,\N,\N,\N,\N,\N,\N,\N,\N
369,1989,14,26,Spanish Grand Prix,1989-10-01,\N,http://en.wikipedia.org/wiki/1989_Spanish_Grand_Prix,\N,\N,\N,\N,\N,\N,\N,\N,\N,\N
370,1989,15,22,Japanese Grand Prix,1989-10-22,\N,http://en.wikipedia.org/wiki/1989_Japanese_Grand_Prix,\N,\N,\N,\N,\N,\N,\N,\N,\N,\N
371,1989,16,29,Australian Grand Prix,1989-11-05,\N,http://en.wikipedia.org/wiki/1989_Australian_Grand_Prix,\N,\N,\N,\N,\N,\N,\N,\N,\N,\N
372,1988,1,36,Brazilian Grand Prix,1988-04-03,\N,http://en.wikipedia.org/wiki/1988_Brazilian_Grand_Prix,\N,\N,\N,\N,\N,\N,\N,\N,\N,\N
373,1988,2,21,San Marino Grand Prix,1988-05-01,\N,http://en.wikipedia.org/wiki/1988_San_Marino_Grand_Prix,\N,\N,\N,\N,\N,\N,\N,\N,\N,\N
374,1988,3,6,Monaco Grand Prix,1988-05-15,\N,http://en.wikipedia.org/wiki/1988_Monaco_Grand_Prix,\N,\N,\N,\N,\N,\N,\N,\N,\N,\N
375,1988,4,32,Mexican Grand Prix,1988-05-29,\N,http://en.wikipedia.org/wiki/1988_Mexican_Grand_Prix,\N,\N,\N,\N,\N,\N,\N,\N,\N,\N
376,1988,5,7,Canadian Grand Prix,1988-06-12,\N,http://en.wikipedia.org/wiki/1988_Canadian_Grand_Prix,\N,\N,\N,\N,\N,\N,\N,\N,\N,\N
377,1988,6,37,Detroit Grand Prix,1988-06-19,\N,http://en.wikipedia.org/wiki/1988_Detroit_Grand_Prix,\N,\N,\N,\N,\N,\N,\N,\N,\N,\N
378,1988,7,34,French Grand Prix,1988-07-03,\N,http://en.wikipedia.org/wiki/1988_French_Grand_Prix,\N,\N,\N,\N,\N,\N,\N,\N,\N,\N
379,1988,8,9,British Grand Prix,1988-07-10,\N,http://en.wikipedia.org/wiki/1988_British_Grand_Prix,\N,\N,\N,\N,\N,\N,\N,\N,\N,\N
380,1988,9,10,German Grand Prix,1988-07-24,\N,http://en.wikipedia.org/wiki/1988_German_Grand_Prix,\N,\N,\N,\N,\N,\N,\N,\N,\N,\N
381,1988,10,11,Hungarian Grand Prix,1988-08-07,\N,http://en.wikipedia.org/wiki/1988_Hungarian_Grand_Prix,\N,\N,\N,\N,\N,\N,\N,\N,\N,\N
382,1988,11,13,Belgian Grand Prix,1988-08-28,\N,http://en.wikipedia.org/wiki/1988_Belgian_Grand_Prix,\N,\N,\N,\N,\N,\N,\N,\N,\N,\N
383,1988,12,14,Italian Grand Prix,1988-09-11,\N,http://en.wikipedia.org/wiki/1988_Italian_Grand_Prix,\N,\N,\N,\N,\N,\N,\N,\N,\N,\N
384,1988,13,27,Portuguese Grand Prix,1988-09-25,\N,http://en.wikipedia.org/wiki/1988_Portuguese_Grand_Prix,\N,\N,\N,\N,\N,\N,\N,\N,\N,\N
385,1988,14,26,Spanish Grand Prix,1988-10-02,\N,http://en.wikipedia.org/wiki/1988_Spanish_Grand_Prix,\N,\N,\N,\N,\N,\N,\N,\N,\N,\N
386,1988,15,22,Japanese Grand Prix,1988-10-30,\N,http://en.wikipedia.org/wiki/1988_Japanese_Grand_Prix,\N,\N,\N,\N,\N,\N,\N,\N,\N,\N
387,1988,16,29,Australian Grand Prix,1988-11-13,\N,http://en.wikipedia.org/wiki/1988_Australian_Grand_Prix,\N,\N,\N,\N,\N,\N,\N,\N,\N,\N
388,1987,1,36,Brazilian Grand Prix,1987-04-12,\N,http://en.wikipedia.org/wiki/1987_Brazilian_Grand_Prix,\N,\N,\N,\N,\N,\N,\N,\N,\N,\N
389,1987,2,21,San Marino Grand Prix,1987-05-03,\N,http://en.wikipedia.org/wiki/1987_San_Marino_Grand_Prix,\N,\N,\N,\N,\N,\N,\N,\N,\N,\N
390,1987,3,13,Belgian Grand Prix,1987-05-17,\N,http://en.wikipedia.org/wiki/1987_Belgian_Grand_Prix,\N,\N,\N,\N,\N,\N,\N,\N,\N,\N
391,1987,4,6,Monaco Grand Prix,1987-05-31,\N,http://en.wikipedia.org/wiki/1987_Monaco_Grand_Prix,\N,\N,\N,\N,\N,\N,\N,\N,\N,\N
392,1987,5,37,Detroit Grand Prix,1987-06-21,\N,http://en.wikipedia.org/wiki/1987_Detroit_Grand_Prix,\N,\N,\N,\N,\N,\N,\N,\N,\N,\N
393,1987,6,34,French Grand Prix,1987-07-05,\N,http://en.wikipedia.org/wiki/1987_French_Grand_Prix,\N,\N,\N,\N,\N,\N,\N,\N,\N,\N
394,1987,7,9,British Grand Prix,1987-07-12,\N,http://en.wikipedia.org/wiki/1987_British_Grand_Prix,\N,\N,\N,\N,\N,\N,\N,\N,\N,\N
395,1987,8,10,German Grand Prix,1987-07-26,\N,http://en.wikipedia.org/wiki/1987_German_Grand_Prix,\N,\N,\N,\N,\N,\N,\N,\N,\N,\N
396,1987,9,11,Hungarian Grand Prix,1987-08-09,\N,http://en.wikipedia.org/wiki/1987_Hungarian_Grand_Prix,\N,\N,\N,\N,\N,\N,\N,\N,\N,\N
397,1987,10,70,Austrian Grand Prix,1987-08-16,\N,http://en.wikipedia.org/wiki/1987_Austrian_Grand_Prix,\N,\N,\N,\N,\N,\N,\N,\N,\N,\N
398,1987,11,14,Italian Grand Prix,1987-09-06,\N,http://en.wikipedia.org/wiki/1987_Italian_Grand_Prix,\N,\N,\N,\N,\N,\N,\N,\N,\N,\N
399,1987,12,27,Portuguese Grand Prix,1987-09-20,\N,http://en.wikipedia.org/wiki/1987_Portuguese_Grand_Prix,\N,\N,\N,\N,\N,\N,\N,\N,\N,\N
400,1987,13,26,Spanish Grand Prix,1987-09-27,\N,http://en.wikipedia.org/wiki/1987_Spanish_Grand_Prix,\N,\N,\N,\N,\N,\N,\N,\N,\N,\N
401,1987,14,32,Mexican Grand Prix,1987-10-18,\N,http://en.wikipedia.org/wiki/1987_Mexican_Grand_Prix,\N,\N,\N,\N,\N,\N,\N,\N,\N,\N
402,1987,15,22,Japanese Grand Prix,1987-11-01,\N,http://en.wikipedia.org/wiki/1987_Japanese_Grand_Prix,\N,\N,\N,\N,\N,\N,\N,\N,\N,\N
403,1987,16,29,Australian Grand Prix,1987-11-15,\N,http://en.wikipedia.org/wiki/1987_Australian_Grand_Prix,\N,\N,\N,\N,\N,\N,\N,\N,\N,\N
404,1986,1,36,Brazilian Grand Prix,1986-03-23,\N,http://en.wikipedia.org/wiki/1986_Brazilian_Grand_Prix,\N,\N,\N,\N,\N,\N,\N,\N,\N,\N
405,1986,2,26,Spanish Grand Prix,1986-04-13,\N,http://en.wikipedia.org/wiki/1986_Spanish_Grand_Prix,\N,\N,\N,\N,\N,\N,\N,\N,\N,\N
406,1986,3,21,San Marino Grand Prix,1986-04-27,\N,http://en.wikipedia.org/wiki/1986_San_Marino_Grand_Prix,\N,\N,\N,\N,\N,\N,\N,\N,\N,\N
407,1986,4,6,Monaco Grand Prix,1986-05-11,\N,http://en.wikipedia.org/wiki/1986_Monaco_Grand_Prix,\N,\N,\N,\N,\N,\N,\N,\N,\N,\N
408,1986,5,13,Belgian Grand Prix,1986-05-25,\N,http://en.wikipedia.org/wiki/1986_Belgian_Grand_Prix,\N,\N,\N,\N,\N,\N,\N,\N,\N,\N
409,1986,6,7,Canadian Grand Prix,1986-06-15,\N,http://en.wikipedia.org/wiki/1986_Canadian_Grand_Prix,\N,\N,\N,\N,\N,\N,\N,\N,\N,\N
410,1986,7,37,Detroit Grand Prix,1986-06-22,\N,http://en.wikipedia.org/wiki/1986_Detroit_Grand_Prix,\N,\N,\N,\N,\N,\N,\N,\N,\N,\N
411,1986,8,34,French Grand Prix,1986-07-06,\N,http://en.wikipedia.org/wiki/1986_French_Grand_Prix,\N,\N,\N,\N,\N,\N,\N,\N,\N,\N
412,1986,9,38,British Grand Prix,1986-07-13,\N,http://en.wikipedia.org/wiki/1986_British_Grand_Prix,\N,\N,\N,\N,\N,\N,\N,\N,\N,\N
413,1986,10,10,German Grand Prix,1986-07-27,\N,http://en.wikipedia.org/wiki/1986_German_Grand_Prix,\N,\N,\N,\N,\N,\N,\N,\N,\N,\N
414,1986,11,11,Hungarian Grand Prix,1986-08-10,\N,http://en.wikipedia.org/wiki/1986_Hungarian_Grand_Prix,\N,\N,\N,\N,\N,\N,\N,\N,\N,\N
415,1986,12,70,Austrian Grand Prix,1986-08-17,\N,http://en.wikipedia.org/wiki/1986_Austrian_Grand_Prix,\N,\N,\N,\N,\N,\N,\N,\N,\N,\N
416,1986,13,14,Italian Grand Prix,1986-09-07,\N,http://en.wikipedia.org/wiki/1986_Italian_Grand_Prix,\N,\N,\N,\N,\N,\N,\N,\N,\N,\N
417,1986,14,27,Portuguese Grand Prix,1986-09-21,\N,http://en.wikipedia.org/wiki/1986_Portuguese_Grand_Prix,\N,\N,\N,\N,\N,\N,\N,\N,\N,\N
418,1986,15,32,Mexican Grand Prix,1986-10-12,\N,http://en.wikipedia.org/wiki/1986_Mexican_Grand_Prix,\N,\N,\N,\N,\N,\N,\N,\N,\N,\N
419,1986,16,29,Australian Grand Prix,1986-10-26,\N,http://en.wikipedia.org/wiki/1986_Australian_Grand_Prix,\N,\N,\N,\N,\N,\N,\N,\N,\N,\N
420,1985,1,36,Brazilian Grand Prix,1985-04-07,\N,http://en.wikipedia.org/wiki/1985_Brazilian_Grand_Prix,\N,\N,\N,\N,\N,\N,\N,\N,\N,\N
421,1985,2,27,Portuguese Grand Prix,1985-04-21,\N,http://en.wikipedia.org/wiki/1985_Portuguese_Grand_Prix,\N,\N,\N,\N,\N,\N,\N,\N,\N,\N
422,1985,3,21,San Marino Grand Prix,1985-05-05,\N,http://en.wikipedia.org/wiki/1985_San_Marino_Grand_Prix,\N,\N,\N,\N,\N,\N,\N,\N,\N,\N
423,1985,4,6,Monaco Grand Prix,1985-05-19,\N,http://en.wikipedia.org/wiki/1985_Monaco_Grand_Prix,\N,\N,\N,\N,\N,\N,\N,\N,\N,\N
424,1985,5,7,Canadian Grand Prix,1985-06-16,\N,http://en.wikipedia.org/wiki/1985_Canadian_Grand_Prix,\N,\N,\N,\N,\N,\N,\N,\N,\N,\N
425,1985,6,37,Detroit Grand Prix,1985-06-23,\N,http://en.wikipedia.org/wiki/1985_Detroit_Grand_Prix,\N,\N,\N,\N,\N,\N,\N,\N,\N,\N
426,1985,7,34,French Grand Prix,1985-07-07,\N,http://en.wikipedia.org/wiki/1985_French_Grand_Prix,\N,\N,\N,\N,\N,\N,\N,\N,\N,\N
427,1985,8,9,British Grand Prix,1985-07-21,\N,http://en.wikipedia.org/wiki/1985_British_Grand_Prix,\N,\N,\N,\N,\N,\N,\N,\N,\N,\N
428,1985,9,20,German Grand Prix,1985-08-04,\N,http://en.wikipedia.org/wiki/1985_German_Grand_Prix,\N,\N,\N,\N,\N,\N,\N,\N,\N,\N
429,1985,10,70,Austrian Grand Prix,1985-08-18,\N,http://en.wikipedia.org/wiki/1985_Austrian_Grand_Prix,\N,\N,\N,\N,\N,\N,\N,\N,\N,\N
430,1985,11,39,Dutch Grand Prix,1985-08-25,\N,http://en.wikipedia.org/wiki/1985_Dutch_Grand_Prix,\N,\N,\N,\N,\N,\N,\N,\N,\N,\N
431,1985,12,14,Italian Grand Prix,1985-09-08,\N,http://en.wikipedia.org/wiki/1985_Italian_Grand_Prix,\N,\N,\N,\N,\N,\N,\N,\N,\N,\N
432,1985,13,13,Belgian Grand Prix,1985-09-15,\N,http://en.wikipedia.org/wiki/1985_Belgian_Grand_Prix,\N,\N,\N,\N,\N,\N,\N,\N,\N,\N
433,1985,14,38,European Grand Prix,1985-10-06,\N,http://en.wikipedia.org/wiki/1985_European_Grand_Prix,\N,\N,\N,\N,\N,\N,\N,\N,\N,\N
434,1985,15,30,South African Grand Prix,1985-10-19,\N,http://en.wikipedia.org/wiki/1985_South_African_Grand_Prix,\N,\N,\N,\N,\N,\N,\N,\N,\N,\N
435,1985,16,29,Australian Grand Prix,1985-11-03,\N,http://en.wikipedia.org/wiki/1985_Australian_Grand_Prix,\N,\N,\N,\N,\N,\N,\N,\N,\N,\N
436,1984,1,36,Brazilian Grand Prix,1984-03-25,\N,http://en.wikipedia.org/wiki/1984_Brazilian_Grand_Prix,\N,\N,\N,\N,\N,\N,\N,\N,\N,\N
437,1984,2,30,South African Grand Prix,1984-04-07,\N,http://en.wikipedia.org/wiki/1984_South_African_Grand_Prix,\N,\N,\N,\N,\N,\N,\N,\N,\N,\N
438,1984,3,40,Belgian Grand Prix,1984-04-29,\N,http://en.wikipedia.org/wiki/1984_Belgian_Grand_Prix,\N,\N,\N,\N,\N,\N,\N,\N,\N,\N
439,1984,4,21,San Marino Grand Prix,1984-05-06,\N,http://en.wikipedia.org/wiki/1984_San_Marino_Grand_Prix,\N,\N,\N,\N,\N,\N,\N,\N,\N,\N
440,1984,5,41,French Grand Prix,1984-05-20,\N,http://en.wikipedia.org/wiki/1984_French_Grand_Prix,\N,\N,\N,\N,\N,\N,\N,\N,\N,\N
441,1984,6,6,Monaco Grand Prix,1984-06-03,\N,http://en.wikipedia.org/wiki/1984_Monaco_Grand_Prix,\N,\N,\N,\N,\N,\N,\N,\N,\N,\N
442,1984,7,7,Canadian Grand Prix,1984-06-17,\N,http://en.wikipedia.org/wiki/1984_Canadian_Grand_Prix,\N,\N,\N,\N,\N,\N,\N,\N,\N,\N
443,1984,8,37,Detroit Grand Prix,1984-06-24,\N,http://en.wikipedia.org/wiki/1984_Detroit_Grand_Prix,\N,\N,\N,\N,\N,\N,\N,\N,\N,\N
444,1984,9,42,Dallas Grand Prix,1984-07-08,\N,http://en.wikipedia.org/wiki/1984_Dallas_Grand_Prix,\N,\N,\N,\N,\N,\N,\N,\N,\N,\N
445,1984,10,38,British Grand Prix,1984-07-22,\N,http://en.wikipedia.org/wiki/1984_British_Grand_Prix,\N,\N,\N,\N,\N,\N,\N,\N,\N,\N
446,1984,11,10,German Grand Prix,1984-08-05,\N,http://en.wikipedia.org/wiki/1984_German_Grand_Prix,\N,\N,\N,\N,\N,\N,\N,\N,\N,\N
447,1984,12,70,Austrian Grand Prix,1984-08-19,\N,http://en.wikipedia.org/wiki/1984_Austrian_Grand_Prix,\N,\N,\N,\N,\N,\N,\N,\N,\N,\N
448,1984,13,39,Dutch Grand Prix,1984-08-26,\N,http://en.wikipedia.org/wiki/1984_Dutch_Grand_Prix,\N,\N,\N,\N,\N,\N,\N,\N,\N,\N
449,1984,14,14,Italian Grand Prix,1984-09-09,\N,http://en.wikipedia.org/wiki/1984_Italian_Grand_Prix,\N,\N,\N,\N,\N,\N,\N,\N,\N,\N
450,1984,15,20,European Grand Prix,1984-10-07,\N,http://en.wikipedia.org/wiki/1984_European_Grand_Prix,\N,\N,\N,\N,\N,\N,\N,\N,\N,\N
451,1984,16,27,Portuguese Grand Prix,1984-10-21,\N,http://en.wikipedia.org/wiki/1984_Portuguese_Grand_Prix,\N,\N,\N,\N,\N,\N,\N,\N,\N,\N
452,1983,1,36,Brazilian Grand Prix,1983-03-13,\N,http://en.wikipedia.org/wiki/1983_Brazilian_Grand_Prix,\N,\N,\N,\N,\N,\N,\N,\N,\N,\N
453,1983,2,43,United States Grand Prix West,1983-03-27,\N,http://en.wikipedia.org/wiki/1983_United_States_Grand_Prix_West,\N,\N,\N,\N,\N,\N,\N,\N,\N,\N
454,1983,3,34,French Grand Prix,1983-04-17,\N,http://en.wikipedia.org/wiki/1983_French_Grand_Prix,\N,\N,\N,\N,\N,\N,\N,\N,\N,\N
455,1983,4,21,San Marino Grand Prix,1983-05-01,\N,http://en.wikipedia.org/wiki/1983_San_Marino_Grand_Prix,\N,\N,\N,\N,\N,\N,\N,\N,\N,\N
456,1983,5,6,Monaco Grand Prix,1983-05-15,\N,http://en.wikipedia.org/wiki/1983_Monaco_Grand_Prix,\N,\N,\N,\N,\N,\N,\N,\N,\N,\N
457,1983,6,13,Belgian Grand Prix,1983-05-22,\N,http://en.wikipedia.org/wiki/1983_Belgian_Grand_Prix,\N,\N,\N,\N,\N,\N,\N,\N,\N,\N
458,1983,7,37,Detroit Grand Prix,1983-06-05,\N,http://en.wikipedia.org/wiki/1983_Detroit_Grand_Prix,\N,\N,\N,\N,\N,\N,\N,\N,\N,\N
459,1983,8,7,Canadian Grand Prix,1983-06-12,\N,http://en.wikipedia.org/wiki/1983_Canadian_Grand_Prix,\N,\N,\N,\N,\N,\N,\N,\N,\N,\N
460,1983,9,9,British Grand Prix,1983-07-16,\N,http://en.wikipedia.org/wiki/1983_British_Grand_Prix,\N,\N,\N,\N,\N,\N,\N,\N,\N,\N
461,1983,10,10,German Grand Prix,1983-08-07,\N,http://en.wikipedia.org/wiki/1983_German_Grand_Prix,\N,\N,\N,\N,\N,\N,\N,\N,\N,\N
462,1983,11,70,Austrian Grand Prix,1983-08-14,\N,http://en.wikipedia.org/wiki/1983_Austrian_Grand_Prix,\N,\N,\N,\N,\N,\N,\N,\N,\N,\N
463,1983,12,39,Dutch Grand Prix,1983-08-28,\N,http://en.wikipedia.org/wiki/1983_Dutch_Grand_Prix,\N,\N,\N,\N,\N,\N,\N,\N,\N,\N
464,1983,13,14,Italian Grand Prix,1983-09-11,\N,http://en.wikipedia.org/wiki/1983_Italian_Grand_Prix,\N,\N,\N,\N,\N,\N,\N,\N,\N,\N
465,1983,14,38,European Grand Prix,1983-09-25,\N,http://en.wikipedia.org/wiki/1983_European_Grand_Prix,\N,\N,\N,\N,\N,\N,\N,\N,\N,\N
466,1983,15,30,South African Grand Prix,1983-10-15,\N,http://en.wikipedia.org/wiki/1983_South_African_Grand_Prix,\N,\N,\N,\N,\N,\N,\N,\N,\N,\N
467,1982,1,30,South African Grand Prix,1982-01-23,\N,http://en.wikipedia.org/wiki/1982_South_African_Grand_Prix,\N,\N,\N,\N,\N,\N,\N,\N,\N,\N
468,1982,2,36,Brazilian Grand Prix,1982-03-21,\N,http://en.wikipedia.org/wiki/1982_Brazilian_Grand_Prix,\N,\N,\N,\N,\N,\N,\N,\N,\N,\N
469,1982,3,43,United States Grand Prix West,1982-04-04,\N,http://en.wikipedia.org/wiki/1982_United_States_Grand_Prix_West,\N,\N,\N,\N,\N,\N,\N,\N,\N,\N
470,1982,4,21,San Marino Grand Prix,1982-04-25,\N,http://en.wikipedia.org/wiki/1982_San_Marino_Grand_Prix,\N,\N,\N,\N,\N,\N,\N,\N,\N,\N
471,1982,5,40,Belgian Grand Prix,1982-05-09,\N,http://en.wikipedia.org/wiki/1982_Belgian_Grand_Prix,\N,\N,\N,\N,\N,\N,\N,\N,\N,\N
472,1982,6,6,Monaco Grand Prix,1982-05-23,\N,http://en.wikipedia.org/wiki/1982_Monaco_Grand_Prix,\N,\N,\N,\N,\N,\N,\N,\N,\N,\N
473,1982,7,37,Detroit Grand Prix,1982-06-06,\N,http://en.wikipedia.org/wiki/1982_Detroit_Grand_Prix,\N,\N,\N,\N,\N,\N,\N,\N,\N,\N
474,1982,8,7,Canadian Grand Prix,1982-06-13,\N,http://en.wikipedia.org/wiki/1982_Canadian_Grand_Prix,\N,\N,\N,\N,\N,\N,\N,\N,\N,\N
475,1982,9,39,Dutch Grand Prix,1982-07-03,\N,http://en.wikipedia.org/wiki/1982_Dutch_Grand_Prix,\N,\N,\N,\N,\N,\N,\N,\N,\N,\N
476,1982,10,38,British Grand Prix,1982-07-18,\N,http://en.wikipedia.org/wiki/1982_British_Grand_Prix,\N,\N,\N,\N,\N,\N,\N,\N,\N,\N
477,1982,11,34,French Grand Prix,1982-07-25,\N,http://en.wikipedia.org/wiki/1982_French_Grand_Prix,\N,\N,\N,\N,\N,\N,\N,\N,\N,\N
478,1982,12,10,German Grand Prix,1982-08-08,\N,http://en.wikipedia.org/wiki/1982_German_Grand_Prix,\N,\N,\N,\N,\N,\N,\N,\N,\N,\N
479,1982,13,70,Austrian Grand Prix,1982-08-15,\N,http://en.wikipedia.org/wiki/1982_Austrian_Grand_Prix,\N,\N,\N,\N,\N,\N,\N,\N,\N,\N
480,1982,14,41,Swiss Grand Prix,1982-08-29,\N,http://en.wikipedia.org/wiki/1982_Swiss_Grand_Prix,\N,\N,\N,\N,\N,\N,\N,\N,\N,\N
481,1982,15,14,Italian Grand Prix,1982-09-12,\N,http://en.wikipedia.org/wiki/1982_Italian_Grand_Prix,\N,\N,\N,\N,\N,\N,\N,\N,\N,\N
482,1982,16,44,Caesars Palace Grand Prix,1982-09-25,\N,http://en.wikipedia.org/wiki/1982_Caesars_Palace_Grand_Prix,\N,\N,\N,\N,\N,\N,\N,\N,\N,\N
483,1981,1,43,United States Grand Prix West,1981-03-15,\N,http://en.wikipedia.org/wiki/1981_United_States_Grand_Prix_West,\N,\N,\N,\N,\N,\N,\N,\N,\N,\N
484,1981,2,36,Brazilian Grand Prix,1981-03-29,\N,http://en.wikipedia.org/wiki/1981_Brazilian_Grand_Prix,\N,\N,\N,\N,\N,\N,\N,\N,\N,\N
485,1981,3,25,Argentine Grand Prix,1981-04-12,\N,http://en.wikipedia.org/wiki/1981_Argentine_Grand_Prix,\N,\N,\N,\N,\N,\N,\N,\N,\N,\N
486,1981,4,21,San Marino Grand Prix,1981-05-03,\N,http://en.wikipedia.org/wiki/1981_San_Marino_Grand_Prix,\N,\N,\N,\N,\N,\N,\N,\N,\N,\N
487,1981,5,40,Belgian Grand Prix,1981-05-17,\N,http://en.wikipedia.org/wiki/1981_Belgian_Grand_Prix,\N,\N,\N,\N,\N,\N,\N,\N,\N,\N
488,1981,6,6,Monaco Grand Prix,1981-05-31,\N,http://en.wikipedia.org/wiki/1981_Monaco_Grand_Prix,\N,\N,\N,\N,\N,\N,\N,\N,\N,\N
489,1981,7,45,Spanish Grand Prix,1981-06-21,\N,http://en.wikipedia.org/wiki/1981_Spanish_Grand_Prix,\N,\N,\N,\N,\N,\N,\N,\N,\N,\N
490,1981,8,41,French Grand Prix,1981-07-05,\N,http://en.wikipedia.org/wiki/1981_French_Grand_Prix,\N,\N,\N,\N,\N,\N,\N,\N,\N,\N
491,1981,9,9,British Grand Prix,1981-07-18,\N,http://en.wikipedia.org/wiki/1981_British_Grand_Prix,\N,\N,\N,\N,\N,\N,\N,\N,\N,\N
492,1981,10,10,German Grand Prix,1981-08-02,\N,http://en.wikipedia.org/wiki/1981_German_Grand_Prix,\N,\N,\N,\N,\N,\N,\N,\N,\N,\N
493,1981,11,70,Austrian Grand Prix,1981-08-16,\N,http://en.wikipedia.org/wiki/1981_Austrian_Grand_Prix,\N,\N,\N,\N,\N,\N,\N,\N,\N,\N
494,1981,12,39,Dutch Grand Prix,1981-08-30,\N,http://en.wikipedia.org/wiki/1981_Dutch_Grand_Prix,\N,\N,\N,\N,\N,\N,\N,\N,\N,\N
495,1981,13,14,Italian Grand Prix,1981-09-13,\N,http://en.wikipedia.org/wiki/1981_Italian_Grand_Prix,\N,\N,\N,\N,\N,\N,\N,\N,\N,\N
496,1981,14,7,Canadian Grand Prix,1981-09-27,\N,http://en.wikipedia.org/wiki/1981_Canadian_Grand_Prix,\N,\N,\N,\N,\N,\N,\N,\N,\N,\N
497,1981,15,44,Caesars Palace Grand Prix,1981-10-17,\N,http://en.wikipedia.org/wiki/1981_Caesars_Palace_Grand_Prix,\N,\N,\N,\N,\N,\N,\N,\N,\N,\N
841,2011,1,1,Australian Grand Prix,2011-03-27,06:00:00,http://en.wikipedia.org/wiki/2011_Australian_Grand_Prix,\N,\N,\N,\N,\N,\N,\N,\N,\N,\N
842,2011,2,2,Malaysian Grand Prix,2011-04-10,08:00:00,http://en.wikipedia.org/wiki/2011_Malaysian_Grand_Prix,\N,\N,\N,\N,\N,\N,\N,\N,\N,\N
843,2011,3,17,Chinese Grand Prix,2011-04-17,07:00:00,http://en.wikipedia.org/wiki/2011_Chinese_Grand_Prix,\N,\N,\N,\N,\N,\N,\N,\N,\N,\N
844,2011,4,5,Turkish Grand Prix,2011-05-08,12:00:00,http://en.wikipedia.org/wiki/2011_Turkish_Grand_Prix,\N,\N,\N,\N,\N,\N,\N,\N,\N,\N
845,2011,5,4,Spanish Grand Prix,2011-05-22,12:00:00,http://en.wikipedia.org/wiki/2011_Spanish_Grand_Prix,\N,\N,\N,\N,\N,\N,\N,\N,\N,\N
846,2011,6,6,Monaco Grand Prix,2011-05-29,12:00:00,http://en.wikipedia.org/wiki/2011_Monaco_Grand_Prix,\N,\N,\N,\N,\N,\N,\N,\N,\N,\N
847,2011,7,7,Canadian Grand Prix,2011-06-12,17:00:00,http://en.wikipedia.org/wiki/2011_Canadian_Grand_Prix,\N,\N,\N,\N,\N,\N,\N,\N,\N,\N
848,2011,8,12,European Grand Prix,2011-06-26,12:00:00,http://en.wikipedia.org/wiki/2011_European_Grand_Prix,\N,\N,\N,\N,\N,\N,\N,\N,\N,\N
849,2011,9,9,British Grand Prix,2011-07-10,12:00:00,http://en.wikipedia.org/wiki/2011_British_Grand_Prix,\N,\N,\N,\N,\N,\N,\N,\N,\N,\N
850,2011,10,20,German Grand Prix,2011-07-24,12:00:00,http://en.wikipedia.org/wiki/2011_German_Grand_Prix,\N,\N,\N,\N,\N,\N,\N,\N,\N,\N
851,2011,11,11,Hungarian Grand Prix,2011-07-31,12:00:00,http://en.wikipedia.org/wiki/2011_Hungarian_Grand_Prix,\N,\N,\N,\N,\N,\N,\N,\N,\N,\N
852,2011,12,13,Belgian Grand Prix,2011-08-28,12:00:00,http://en.wikipedia.org/wiki/2011_Belgian_Grand_Prix,\N,\N,\N,\N,\N,\N,\N,\N,\N,\N
853,2011,13,14,Italian Grand Prix,2011-09-11,12:00:00,http://en.wikipedia.org/wiki/2011_Italian_Grand_Prix,\N,\N,\N,\N,\N,\N,\N,\N,\N,\N
854,2011,14,15,Singapore Grand Prix,2011-09-25,12:00:00,http://en.wikipedia.org/wiki/2011_Singapore_Grand_Prix,\N,\N,\N,\N,\N,\N,\N,\N,\N,\N
855,2011,15,22,Japanese Grand Prix,2011-10-09,06:00:00,http://en.wikipedia.org/wiki/2011_Japanese_Grand_Prix,\N,\N,\N,\N,\N,\N,\N,\N,\N,\N
856,2011,16,35,Korean Grand Prix,2011-10-16,06:00:00,http://en.wikipedia.org/wiki/2011_Korean_Grand_Prix,\N,\N,\N,\N,\N,\N,\N,\N,\N,\N
857,2011,17,68,Indian Grand Prix,2011-10-30,09:30:00,http://en.wikipedia.org/wiki/2011_Indian_Grand_Prix,\N,\N,\N,\N,\N,\N,\N,\N,\N,\N
858,2011,18,24,Abu Dhabi Grand Prix,2011-11-13,13:00:00,http://en.wikipedia.org/wiki/2011_Abu_Dhabi_Grand_Prix,\N,\N,\N,\N,\N,\N,\N,\N,\N,\N
859,2011,19,18,Brazilian Grand Prix,2011-11-27,16:00:00,http://en.wikipedia.org/wiki/2011_Brazilian_Grand_Prix,\N,\N,\N,\N,\N,\N,\N,\N,\N,\N
860,2012,1,1,Australian Grand Prix,2012-03-18,06:00:00,http://en.wikipedia.org/wiki/2012_Australian_Grand_Prix,\N,\N,\N,\N,\N,\N,\N,\N,\N,\N
861,2012,2,2,Malaysian Grand Prix,2012-03-25,08:00:00,http://en.wikipedia.org/wiki/2012_Malaysian_Grand_Prix,\N,\N,\N,\N,\N,\N,\N,\N,\N,\N
862,2012,3,17,Chinese Grand Prix,2012-04-15,07:00:00,http://en.wikipedia.org/wiki/2012_Chinese_Grand_Prix,\N,\N,\N,\N,\N,\N,\N,\N,\N,\N
863,2012,4,3,Bahrain Grand Prix,2012-04-22,12:00:00,http://en.wikipedia.org/wiki/2012_Bahrain_Grand_Prix,\N,\N,\N,\N,\N,\N,\N,\N,\N,\N
864,2012,5,4,Spanish Grand Prix,2012-05-13,12:00:00,http://en.wikipedia.org/wiki/2012_Spanish_Grand_Prix,\N,\N,\N,\N,\N,\N,\N,\N,\N,\N
865,2012,6,6,Monaco Grand Prix,2012-05-27,12:00:00,http://en.wikipedia.org/wiki/2012_Monaco_Grand_Prix,\N,\N,\N,\N,\N,\N,\N,\N,\N,\N
866,2012,7,7,Canadian Grand Prix,2012-06-10,18:00:00,http://en.wikipedia.org/wiki/2012_Canadian_Grand_Prix,\N,\N,\N,\N,\N,\N,\N,\N,\N,\N
867,2012,8,12,European Grand Prix,2012-06-24,12:00:00,http://en.wikipedia.org/wiki/2012_European_Grand_Prix,\N,\N,\N,\N,\N,\N,\N,\N,\N,\N
868,2012,9,9,British Grand Prix,2012-07-08,12:00:00,http://en.wikipedia.org/wiki/2012_British_Grand_Prix,\N,\N,\N,\N,\N,\N,\N,\N,\N,\N
869,2012,10,10,German Grand Prix,2012-07-22,12:00:00,http://en.wikipedia.org/wiki/2012_German_Grand_Prix,\N,\N,\N,\N,\N,\N,\N,\N,\N,\N
870,2012,11,11,Hungarian Grand Prix,2012-07-29,12:00:00,http://en.wikipedia.org/wiki/2012_Hungarian_Grand_Prix,\N,\N,\N,\N,\N,\N,\N,\N,\N,\N
871,2012,12,13,Belgian Grand Prix,2012-09-02,12:00:00,http://en.wikipedia.org/wiki/2012_Belgian_Grand_Prix,\N,\N,\N,\N,\N,\N,\N,\N,\N,\N
872,2012,13,14,Italian Grand Prix,2012-09-09,12:00:00,http://en.wikipedia.org/wiki/2012_Italian_Grand_Prix,\N,\N,\N,\N,\N,\N,\N,\N,\N,\N
873,2012,14,15,Singapore Grand Prix,2012-09-23,12:00:00,http://en.wikipedia.org/wiki/2012_Singapore_Grand_Prix,\N,\N,\N,\N,\N,\N,\N,\N,\N,\N
874,2012,15,22,Japanese Grand Prix,2012-10-07,06:00:00,http://en.wikipedia.org/wiki/2012_Japanese_Grand_Prix,\N,\N,\N,\N,\N,\N,\N,\N,\N,\N
875,2012,16,35,Korean Grand Prix,2012-10-14,06:00:00,http://en.wikipedia.org/wiki/2012_Korean_Grand_Prix,\N,\N,\N,\N,\N,\N,\N,\N,\N,\N
876,2012,17,68,Indian Grand Prix,2012-10-28,09:30:00,http://en.wikipedia.org/wiki/2012_Indian_Grand_Prix,\N,\N,\N,\N,\N,\N,\N,\N,\N,\N
877,2012,18,24,Abu Dhabi Grand Prix,2012-11-04,13:00:00,http://en.wikipedia.org/wiki/2012_Abu_Dhabi_Grand_Prix,\N,\N,\N,\N,\N,\N,\N,\N,\N,\N
878,2012,19,69,United States Grand Prix,2012-11-18,19:00:00,http://en.wikipedia.org/wiki/2012_United_States_Grand_Prix,\N,\N,\N,\N,\N,\N,\N,\N,\N,\N
879,2012,20,18,Brazilian Grand Prix,2012-11-25,16:00:00,http://en.wikipedia.org/wiki/2012_Brazilian_Grand_Prix,\N,\N,\N,\N,\N,\N,\N,\N,\N,\N
880,2013,1,1,Australian Grand Prix,2013-03-17,06:00:00,http://en.wikipedia.org/wiki/2013_Australian_Grand_Prix,\N,\N,\N,\N,\N,\N,\N,\N,\N,\N
881,2013,2,2,Malaysian Grand Prix,2013-03-24,08:00:00,http://en.wikipedia.org/wiki/2013_Malaysian_Grand_Prix,\N,\N,\N,\N,\N,\N,\N,\N,\N,\N
882,2013,3,17,Chinese Grand Prix,2013-04-14,07:00:00,http://en.wikipedia.org/wiki/2013_Chinese_Grand_Prix,\N,\N,\N,\N,\N,\N,\N,\N,\N,\N
883,2013,4,3,Bahrain Grand Prix,2013-04-21,12:00:00,http://en.wikipedia.org/wiki/2013_Bahrain_Grand_Prix,\N,\N,\N,\N,\N,\N,\N,\N,\N,\N
884,2013,5,4,Spanish Grand Prix,2013-05-12,12:00:00,http://en.wikipedia.org/wiki/2013_Spanish_Grand_Prix,\N,\N,\N,\N,\N,\N,\N,\N,\N,\N
885,2013,6,6,Monaco Grand Prix,2013-05-26,12:00:00,http://en.wikipedia.org/wiki/2013_Monaco_Grand_Prix,\N,\N,\N,\N,\N,\N,\N,\N,\N,\N
886,2013,7,7,Canadian Grand Prix,2013-06-09,18:00:00,http://en.wikipedia.org/wiki/2013_Canadian_Grand_Prix,\N,\N,\N,\N,\N,\N,\N,\N,\N,\N
887,2013,8,9,British Grand Prix,2013-06-30,12:00:00,http://en.wikipedia.org/wiki/2013_British_Grand_Prix,\N,\N,\N,\N,\N,\N,\N,\N,\N,\N
888,2013,9,20,German Grand Prix,2013-07-07,12:00:00,http://en.wikipedia.org/wiki/2013_German_Grand_Prix,\N,\N,\N,\N,\N,\N,\N,\N,\N,\N
890,2013,10,11,Hungarian Grand Prix,2013-07-28,12:00:00,http://en.wikipedia.org/wiki/2013_Hungarian_Grand_Prix,\N,\N,\N,\N,\N,\N,\N,\N,\N,\N
891,2013,11,13,Belgian Grand Prix,2013-08-25,12:00:00,http://en.wikipedia.org/wiki/2013_Belgian_Grand_Prix,\N,\N,\N,\N,\N,\N,\N,\N,\N,\N
892,2013,12,14,Italian Grand Prix,2013-09-08,12:00:00,http://en.wikipedia.org/wiki/2013_Italian_Grand_Prix,\N,\N,\N,\N,\N,\N,\N,\N,\N,\N
893,2013,13,15,Singapore Grand Prix,2013-09-22,12:00:00,http://en.wikipedia.org/wiki/2013_Singapore_Grand_Prix,\N,\N,\N,\N,\N,\N,\N,\N,\N,\N
894,2013,14,35,Korean Grand Prix,2013-10-06,06:00:00,http://en.wikipedia.org/wiki/2013_Korean_Grand_Prix,\N,\N,\N,\N,\N,\N,\N,\N,\N,\N
895,2013,15,22,Japanese Grand Prix,2013-10-13,06:00:00,http://en.wikipedia.org/wiki/2013_Japanese_Grand_Prix,\N,\N,\N,\N,\N,\N,\N,\N,\N,\N
896,2013,16,68,Indian Grand Prix,2013-10-27,09:30:00,http://en.wikipedia.org/wiki/2013_Indian_Grand_Prix,\N,\N,\N,\N,\N,\N,\N,\N,\N,\N
897,2013,17,24,Abu Dhabi Grand Prix,2013-11-03,13:00:00,http://en.wikipedia.org/wiki/2013_Abu_Dhabi_Grand_Prix,\N,\N,\N,\N,\N,\N,\N,\N,\N,\N
898,2013,18,69,United States Grand Prix,2013-11-17,19:00:00,http://en.wikipedia.org/wiki/2013_United_States_Grand_Prix,\N,\N,\N,\N,\N,\N,\N,\N,\N,\N
899,2013,19,18,Brazilian Grand Prix,2013-11-24,16:00:00,http://en.wikipedia.org/wiki/2013_Brazilian_Grand_Prix,\N,\N,\N,\N,\N,\N,\N,\N,\N,\N
900,2014,1,1,Australian Grand Prix,2014-03-16,06:00:00,http://en.wikipedia.org/wiki/2014_Australian_Grand_Prix,\N,\N,\N,\N,\N,\N,\N,\N,\N,\N
901,2014,2,2,Malaysian Grand Prix,2014-03-30,08:00:00,http://en.wikipedia.org/wiki/2014_Malaysian_Grand_Prix,\N,\N,\N,\N,\N,\N,\N,\N,\N,\N
902,2014,3,3,Bahrain Grand Prix,2014-04-06,15:00:00,http://en.wikipedia.org/wiki/2014_Bahrain_Grand_Prix,\N,\N,\N,\N,\N,\N,\N,\N,\N,\N
903,2014,4,17,Chinese Grand Prix,2014-04-20,07:00:00,http://en.wikipedia.org/wiki/2014_Chinese_Grand_Prix,\N,\N,\N,\N,\N,\N,\N,\N,\N,\N
904,2014,5,4,Spanish Grand Prix,2014-05-11,12:00:00,http://en.wikipedia.org/wiki/2014_Spanish_Grand_Prix,\N,\N,\N,\N,\N,\N,\N,\N,\N,\N
905,2014,6,6,Monaco Grand Prix,2014-05-25,12:00:00,http://en.wikipedia.org/wiki/2014_Monaco_Grand_Prix,\N,\N,\N,\N,\N,\N,\N,\N,\N,\N
906,2014,7,7,Canadian Grand Prix,2014-06-08,18:00:00,http://en.wikipedia.org/wiki/2014_Canadian_Grand_Prix,\N,\N,\N,\N,\N,\N,\N,\N,\N,\N
907,2014,8,70,Austrian Grand Prix,2014-06-22,12:00:00,http://en.wikipedia.org/wiki/2014_Austrian_Grand_Prix,\N,\N,\N,\N,\N,\N,\N,\N,\N,\N
908,2014,9,9,British Grand Prix,2014-07-06,12:00:00,http://en.wikipedia.org/wiki/2014_British_Grand_Prix,\N,\N,\N,\N,\N,\N,\N,\N,\N,\N
909,2014,10,10,German Grand Prix,2014-07-20,12:00:00,http://en.wikipedia.org/wiki/2014_German_Grand_Prix,\N,\N,\N,\N,\N,\N,\N,\N,\N,\N
910,2014,11,11,Hungarian Grand Prix,2014-07-27,12:00:00,http://en.wikipedia.org/wiki/2014_Hungarian_Grand_Prix,\N,\N,\N,\N,\N,\N,\N,\N,\N,\N
911,2014,12,13,Belgian Grand Prix,2014-08-24,12:00:00,http://en.wikipedia.org/wiki/2014_Belgian_Grand_Prix,\N,\N,\N,\N,\N,\N,\N,\N,\N,\N
912,2014,13,14,Italian Grand Prix,2014-09-07,12:00:00,http://en.wikipedia.org/wiki/2014_Italian_Grand_Prix,\N,\N,\N,\N,\N,\N,\N,\N,\N,\N
913,2014,14,15,Singapore Grand Prix,2014-09-21,12:00:00,http://en.wikipedia.org/wiki/2014_Singapore_Grand_Prix,\N,\N,\N,\N,\N,\N,\N,\N,\N,\N
914,2014,15,22,Japanese Grand Prix,2014-10-05,06:00:00,http://en.wikipedia.org/wiki/2014_Japanese_Grand_Prix,\N,\N,\N,\N,\N,\N,\N,\N,\N,\N
915,2014,16,71,Russian Grand Prix,2014-10-12,11:00:00,http://en.wikipedia.org/wiki/2014_Russian_Grand_Prix,\N,\N,\N,\N,\N,\N,\N,\N,\N,\N
916,2014,17,69,United States Grand Prix,2014-11-02,20:00:00,http://en.wikipedia.org/wiki/2014_United_States_Grand_Prix,\N,\N,\N,\N,\N,\N,\N,\N,\N,\N
917,2014,18,18,Brazilian Grand Prix,2014-11-09,16:00:00,http://en.wikipedia.org/wiki/2014_Brazilian_Grand_Prix,\N,\N,\N,\N,\N,\N,\N,\N,\N,\N
918,2014,19,24,Abu Dhabi Grand Prix,2014-11-23,13:00:00,http://en.wikipedia.org/wiki/2014_Abu_Dhabi_Grand_Prix,\N,\N,\N,\N,\N,\N,\N,\N,\N,\N
931,2015,6,6,Monaco Grand Prix,2015-05-24,12:00:00,http://en.wikipedia.org/wiki/2015_Monaco_Grand_Prix,\N,\N,\N,\N,\N,\N,\N,\N,\N,\N
932,2015,7,7,Canadian Grand Prix,2015-06-07,18:00:00,http://en.wikipedia.org/wiki/2015_Canadian_Grand_Prix,\N,\N,\N,\N,\N,\N,\N,\N,\N,\N
929,2015,4,3,Bahrain Grand Prix,2015-04-19,15:00:00,http://en.wikipedia.org/wiki/2015_Bahrain_Grand_Prix,\N,\N,\N,\N,\N,\N,\N,\N,\N,\N
930,2015,5,4,Spanish Grand Prix,2015-05-10,12:00:00,http://en.wikipedia.org/wiki/2015_Spanish_Grand_Prix,\N,\N,\N,\N,\N,\N,\N,\N,\N,\N
928,2015,3,17,Chinese Grand Prix,2015-04-12,06:00:00,http://en.wikipedia.org/wiki/2015_Chinese_Grand_Prix,\N,\N,\N,\N,\N,\N,\N,\N,\N,\N
926,2015,1,1,Australian Grand Prix,2015-03-15,05:00:00,http://en.wikipedia.org/wiki/2015_Australian_Grand_Prix,\N,\N,\N,\N,\N,\N,\N,\N,\N,\N
927,2015,2,2,Malaysian Grand Prix,2015-03-29,07:00:00,http://en.wikipedia.org/wiki/2015_Malaysian_Grand_Prix,\N,\N,\N,\N,\N,\N,\N,\N,\N,\N
933,2015,8,70,Austrian Grand Prix,2015-06-21,12:00:00,http://en.wikipedia.org/wiki/2015_Austrian_Grand_Prix,\N,\N,\N,\N,\N,\N,\N,\N,\N,\N
934,2015,9,9,British Grand Prix,2015-07-05,12:00:00,http://en.wikipedia.org/wiki/2015_British_Grand_Prix,\N,\N,\N,\N,\N,\N,\N,\N,\N,\N
936,2015,10,11,Hungarian Grand Prix,2015-07-26,12:00:00,http://en.wikipedia.org/wiki/2015_Hungarian_Grand_Prix,\N,\N,\N,\N,\N,\N,\N,\N,\N,\N
937,2015,11,13,Belgian Grand Prix,2015-08-23,12:00:00,http://en.wikipedia.org/wiki/2015_Belgian_Grand_Prix,\N,\N,\N,\N,\N,\N,\N,\N,\N,\N
938,2015,12,14,Italian Grand Prix,2015-09-06,12:00:00,http://en.wikipedia.org/wiki/2015_Italian_Grand_Prix,\N,\N,\N,\N,\N,\N,\N,\N,\N,\N
939,2015,13,15,Singapore Grand Prix,2015-09-20,12:00:00,http://en.wikipedia.org/wiki/2015_Singapore_Grand_Prix,\N,\N,\N,\N,\N,\N,\N,\N,\N,\N
940,2015,14,22,Japanese Grand Prix,2015-09-27,05:00:00,http://en.wikipedia.org/wiki/2015_Japanese_Grand_Prix,\N,\N,\N,\N,\N,\N,\N,\N,\N,\N
941,2015,15,71,Russian Grand Prix,2015-10-11,11:00:00,http://en.wikipedia.org/wiki/2015_Russian_Grand_Prix,\N,\N,\N,\N,\N,\N,\N,\N,\N,\N
942,2015,16,69,United States Grand Prix,2015-10-25,19:00:00,http://en.wikipedia.org/wiki/2015_United_States_Grand_Prix,\N,\N,\N,\N,\N,\N,\N,\N,\N,\N
943,2015,17,32,Mexican Grand Prix,2015-11-01,19:00:00,http://en.wikipedia.org/wiki/2015_Mexican_Grand_Prix,\N,\N,\N,\N,\N,\N,\N,\N,\N,\N
944,2015,18,18,Brazilian Grand Prix,2015-11-15,16:00:00,http://en.wikipedia.org/wiki/2015_Brazilian_Grand_Prix,\N,\N,\N,\N,\N,\N,\N,\N,\N,\N
945,2015,19,24,Abu Dhabi Grand Prix,2015-11-29,13:00:00,http://en.wikipedia.org/wiki/2015_Abu_Dhabi_Grand_Prix,\N,\N,\N,\N,\N,\N,\N,\N,\N,\N
948,2016,1,1,Australian Grand Prix,2016-03-20,05:00:00,http://en.wikipedia.org/wiki/2016_Australian_Grand_Prix,\N,\N,\N,\N,\N,\N,\N,\N,\N,\N
949,2016,2,3,Bahrain Grand Prix,2016-04-03,15:00:00,http://en.wikipedia.org/wiki/2016_Bahrain_Grand_Prix,\N,\N,\N,\N,\N,\N,\N,\N,\N,\N
950,2016,3,17,Chinese Grand Prix,2016-04-17,06:00:00,http://en.wikipedia.org/wiki/2016_Chinese_Grand_Prix,\N,\N,\N,\N,\N,\N,\N,\N,\N,\N
951,2016,4,71,Russian Grand Prix,2016-05-01,12:00:00,http://en.wikipedia.org/wiki/2016_Russian_Grand_Prix,\N,\N,\N,\N,\N,\N,\N,\N,\N,\N
952,2016,5,4,Spanish Grand Prix,2016-05-15,12:00:00,http://en.wikipedia.org/wiki/2016_Spanish_Grand_Prix,\N,\N,\N,\N,\N,\N,\N,\N,\N,\N
953,2016,6,6,Monaco Grand Prix,2016-05-29,12:00:00,http://en.wikipedia.org/wiki/2016_Monaco_Grand_Prix,\N,\N,\N,\N,\N,\N,\N,\N,\N,\N
954,2016,7,7,Canadian Grand Prix,2016-06-12,18:00:00,http://en.wikipedia.org/wiki/2016_Canadian_Grand_Prix,\N,\N,\N,\N,\N,\N,\N,\N,\N,\N
955,2016,8,73,European Grand Prix,2016-06-19,13:00:00,http://en.wikipedia.org/wiki/2016_European_Grand_Prix,\N,\N,\N,\N,\N,\N,\N,\N,\N,\N
956,2016,9,70,Austrian Grand Prix,2016-07-03,12:00:00,http://en.wikipedia.org/wiki/2016_Austrian_Grand_Prix,\N,\N,\N,\N,\N,\N,\N,\N,\N,\N
957,2016,10,9,British Grand Prix,2016-07-10,12:00:00,http://en.wikipedia.org/wiki/2016_British_Grand_Prix,\N,\N,\N,\N,\N,\N,\N,\N,\N,\N
958,2016,11,11,Hungarian Grand Prix,2016-07-24,12:00:00,http://en.wikipedia.org/wiki/2016_Hungarian_Grand_Prix,\N,\N,\N,\N,\N,\N,\N,\N,\N,\N
959,2016,12,10,German Grand Prix,2016-07-31,12:00:00,http://en.wikipedia.org/wiki/2016_German_Grand_Prix,\N,\N,\N,\N,\N,\N,\N,\N,\N,\N
960,2016,13,13,Belgian Grand Prix,2016-08-28,12:00:00,http://en.wikipedia.org/wiki/2016_Belgian_Grand_Prix,\N,\N,\N,\N,\N,\N,\N,\N,\N,\N
961,2016,14,14,Italian Grand Prix,2016-09-04,12:00:00,http://en.wikipedia.org/wiki/2016_Italian_Grand_Prix,\N,\N,\N,\N,\N,\N,\N,\N,\N,\N
962,2016,15,15,Singapore Grand Prix,2016-09-18,12:00:00,http://en.wikipedia.org/wiki/2016_Singapore_Grand_Prix,\N,\N,\N,\N,\N,\N,\N,\N,\N,\N
963,2016,16,2,Malaysian Grand Prix,2016-10-02,07:00:00,http://en.wikipedia.org/wiki/2016_Malaysian_Grand_Prix,\N,\N,\N,\N,\N,\N,\N,\N,\N,\N
964,2016,17,22,Japanese Grand Prix,2016-10-09,05:00:00,http://en.wikipedia.org/wiki/2016_Japanese_Grand_Prix,\N,\N,\N,\N,\N,\N,\N,\N,\N,\N
965,2016,18,69,United States Grand Prix,2016-10-23,19:00:00,http://en.wikipedia.org/wiki/2016_United_States_Grand_Prix,\N,\N,\N,\N,\N,\N,\N,\N,\N,\N
966,2016,19,32,Mexican Grand Prix,2016-10-30,19:00:00,http://en.wikipedia.org/wiki/2016_Mexican_Grand_Prix,\N,\N,\N,\N,\N,\N,\N,\N,\N,\N
967,2016,20,18,Brazilian Grand Prix,2016-11-13,16:00:00,http://en.wikipedia.org/wiki/2016_Brazilian_Grand_Prix,\N,\N,\N,\N,\N,\N,\N,\N,\N,\N
968,2016,21,24,Abu Dhabi Grand Prix,2016-11-27,13:00:00,http://en.wikipedia.org/wiki/2016_Abu_Dhabi_Grand_Prix,\N,\N,\N,\N,\N,\N,\N,\N,\N,\N
969,2017,1,1,Australian Grand Prix,2017-03-26,05:00:00,http://en.wikipedia.org/wiki/2017_Australian_Grand_Prix,\N,\N,\N,\N,\N,\N,\N,\N,\N,\N
970,2017,2,17,Chinese Grand Prix,2017-04-09,06:00:00,http://en.wikipedia.org/wiki/2017_Chinese_Grand_Prix,\N,\N,\N,\N,\N,\N,\N,\N,\N,\N
971,2017,3,3,Bahrain Grand Prix,2017-04-16,15:00:00,http://en.wikipedia.org/wiki/2017_Bahrain_Grand_Prix,\N,\N,\N,\N,\N,\N,\N,\N,\N,\N
972,2017,4,71,Russian Grand Prix,2017-04-30,12:00:00,http://en.wikipedia.org/wiki/2017_Russian_Grand_Prix,\N,\N,\N,\N,\N,\N,\N,\N,\N,\N
973,2017,5,4,Spanish Grand Prix,2017-05-14,12:00:00,http://en.wikipedia.org/wiki/2017_Spanish_Grand_Prix,\N,\N,\N,\N,\N,\N,\N,\N,\N,\N
974,2017,6,6,Monaco Grand Prix,2017-05-28,12:00:00,http://en.wikipedia.org/wiki/2017_Monaco_Grand_Prix,\N,\N,\N,\N,\N,\N,\N,\N,\N,\N
975,2017,7,7,Canadian Grand Prix,2017-06-11,18:00:00,http://en.wikipedia.org/wiki/2017_Canadian_Grand_Prix,\N,\N,\N,\N,\N,\N,\N,\N,\N,\N
976,2017,8,73,Azerbaijan Grand Prix,2017-06-25,13:00:00,http://en.wikipedia.org/wiki/2017_Azerbaijan_Grand_Prix,\N,\N,\N,\N,\N,\N,\N,\N,\N,\N
977,2017,9,70,Austrian Grand Prix,2017-07-09,12:00:00,http://en.wikipedia.org/wiki/2017_Austrian_Grand_Prix,\N,\N,\N,\N,\N,\N,\N,\N,\N,\N
978,2017,10,9,British Grand Prix,2017-07-16,12:00:00,http://en.wikipedia.org/wiki/2017_British_Grand_Prix,\N,\N,\N,\N,\N,\N,\N,\N,\N,\N
979,2017,11,11,Hungarian Grand Prix,2017-07-30,12:00:00,http://en.wikipedia.org/wiki/2017_Hungarian_Grand_Prix,\N,\N,\N,\N,\N,\N,\N,\N,\N,\N
980,2017,12,13,Belgian Grand Prix,2017-08-27,12:00:00,http://en.wikipedia.org/wiki/2017_Belgian_Grand_Prix,\N,\N,\N,\N,\N,\N,\N,\N,\N,\N
981,2017,13,14,Italian Grand Prix,2017-09-03,12:00:00,http://en.wikipedia.org/wiki/2017_Italian_Grand_Prix,\N,\N,\N,\N,\N,\N,\N,\N,\N,\N
982,2017,14,15,Singapore Grand Prix,2017-09-17,12:00:00,http://en.wikipedia.org/wiki/2017_Singapore_Grand_Prix,\N,\N,\N,\N,\N,\N,\N,\N,\N,\N
983,2017,15,2,Malaysian Grand Prix,2017-10-01,07:00:00,http://en.wikipedia.org/wiki/2017_Malaysian_Grand_Prix,\N,\N,\N,\N,\N,\N,\N,\N,\N,\N
984,2017,16,22,Japanese Grand Prix,2017-10-08,05:00:00,http://en.wikipedia.org/wiki/2017_Japanese_Grand_Prix,\N,\N,\N,\N,\N,\N,\N,\N,\N,\N
985,2017,17,69,United States Grand Prix,2017-10-22,19:00:00,http://en.wikipedia.org/wiki/2017_United_States_Grand_Prix,\N,\N,\N,\N,\N,\N,\N,\N,\N,\N
986,2017,18,32,Mexican Grand Prix,2017-10-29,19:00:00,http://en.wikipedia.org/wiki/2017_Mexican_Grand_Prix,\N,\N,\N,\N,\N,\N,\N,\N,\N,\N
987,2017,19,18,Brazilian Grand Prix,2017-11-12,16:00:00,http://en.wikipedia.org/wiki/2017_Brazilian_Grand_Prix,\N,\N,\N,\N,\N,\N,\N,\N,\N,\N
988,2017,20,24,Abu Dhabi Grand Prix,2017-11-26,13:00:00,http://en.wikipedia.org/wiki/2017_Abu_Dhabi_Grand_Prix,\N,\N,\N,\N,\N,\N,\N,\N,\N,\N
989,2018,1,1,Australian Grand Prix,2018-03-25,05:10:00,http://en.wikipedia.org/wiki/2018_Australian_Grand_Prix,\N,\N,\N,\N,\N,\N,\N,\N,\N,\N
990,2018,2,3,Bahrain Grand Prix,2018-04-08,15:10:00,http://en.wikipedia.org/wiki/2018_Bahrain_Grand_Prix,\N,\N,\N,\N,\N,\N,\N,\N,\N,\N
991,2018,3,17,Chinese Grand Prix,2018-04-15,06:10:00,http://en.wikipedia.org/wiki/2018_Chinese_Grand_Prix,\N,\N,\N,\N,\N,\N,\N,\N,\N,\N
992,2018,4,73,Azerbaijan Grand Prix,2018-04-29,12:10:00,http://en.wikipedia.org/wiki/2018_Azerbaijan_Grand_Prix,\N,\N,\N,\N,\N,\N,\N,\N,\N,\N
993,2018,5,4,Spanish Grand Prix,2018-05-13,13:10:00,http://en.wikipedia.org/wiki/2018_Spanish_Grand_Prix,\N,\N,\N,\N,\N,\N,\N,\N,\N,\N
994,2018,6,6,Monaco Grand Prix,2018-05-27,13:10:00,http://en.wikipedia.org/wiki/2018_Monaco_Grand_Prix,\N,\N,\N,\N,\N,\N,\N,\N,\N,\N
995,2018,7,7,Canadian Grand Prix,2018-06-10,18:10:00,http://en.wikipedia.org/wiki/2018_Canadian_Grand_Prix,\N,\N,\N,\N,\N,\N,\N,\N,\N,\N
996,2018,8,34,French Grand Prix,2018-06-24,14:10:00,http://en.wikipedia.org/wiki/2018_French_Grand_Prix,\N,\N,\N,\N,\N,\N,\N,\N,\N,\N
997,2018,9,70,Austrian Grand Prix,2018-07-01,13:10:00,http://en.wikipedia.org/wiki/2018_Austrian_Grand_Prix,\N,\N,\N,\N,\N,\N,\N,\N,\N,\N
998,2018,10,9,British Grand Prix,2018-07-08,13:10:00,http://en.wikipedia.org/wiki/2018_British_Grand_Prix,\N,\N,\N,\N,\N,\N,\N,\N,\N,\N
999,2018,11,10,German Grand Prix,2018-07-22,13:10:00,http://en.wikipedia.org/wiki/2018_German_Grand_Prix,\N,\N,\N,\N,\N,\N,\N,\N,\N,\N
1000,2018,12,11,Hungarian Grand Prix,2018-07-29,13:10:00,http://en.wikipedia.org/wiki/2018_Hungarian_Grand_Prix,\N,\N,\N,\N,\N,\N,\N,\N,\N,\N
1001,2018,13,13,Belgian Grand Prix,2018-08-26,13:10:00,http://en.wikipedia.org/wiki/2018_Belgian_Grand_Prix,\N,\N,\N,\N,\N,\N,\N,\N,\N,\N
1002,2018,14,14,Italian Grand Prix,2018-09-02,13:10:00,http://en.wikipedia.org/wiki/2018_Italian_Grand_Prix,\N,\N,\N,\N,\N,\N,\N,\N,\N,\N
1003,2018,15,15,Singapore Grand Prix,2018-09-16,12:10:00,http://en.wikipedia.org/wiki/2018_Singapore_Grand_Prix,\N,\N,\N,\N,\N,\N,\N,\N,\N,\N
1004,2018,16,71,Russian Grand Prix,2018-09-30,11:10:00,http://en.wikipedia.org/wiki/2018_Russian_Grand_Prix,\N,\N,\N,\N,\N,\N,\N,\N,\N,\N
1005,2018,17,22,Japanese Grand Prix,2018-10-07,05:10:00,http://en.wikipedia.org/wiki/2018_Japanese_Grand_Prix,\N,\N,\N,\N,\N,\N,\N,\N,\N,\N
1006,2018,18,69,United States Grand Prix,2018-10-21,18:10:00,http://en.wikipedia.org/wiki/2018_United_States_Grand_Prix,\N,\N,\N,\N,\N,\N,\N,\N,\N,\N
1007,2018,19,32,Mexican Grand Prix,2018-10-28,19:10:00,http://en.wikipedia.org/wiki/2018_Mexican_Grand_Prix,\N,\N,\N,\N,\N,\N,\N,\N,\N,\N
1008,2018,20,18,Brazilian Grand Prix,2018-11-11,17:10:00,http://en.wikipedia.org/wiki/2018_Brazilian_Grand_Prix,\N,\N,\N,\N,\N,\N,\N,\N,\N,\N
1009,2018,21,24,Abu Dhabi Grand Prix,2018-11-25,13:10:00,http://en.wikipedia.org/wiki/2018_Abu_Dhabi_Grand_Prix,\N,\N,\N,\N,\N,\N,\N,\N,\N,\N
1010,2019,1,1,Australian Grand Prix,2019-03-17,05:10:00,http://en.wikipedia.org/wiki/2019_Australian_Grand_Prix,\N,\N,\N,\N,\N,\N,\N,\N,\N,\N
1011,2019,2,3,Bahrain Grand Prix,2019-03-31,15:10:00,http://en.wikipedia.org/wiki/2019_Bahrain_Grand_Prix,\N,\N,\N,\N,\N,\N,\N,\N,\N,\N
1012,2019,3,17,Chinese Grand Prix,2019-04-14,06:10:00,http://en.wikipedia.org/wiki/2019_Chinese_Grand_Prix,\N,\N,\N,\N,\N,\N,\N,\N,\N,\N
1013,2019,4,73,Azerbaijan Grand Prix,2019-04-28,12:10:00,http://en.wikipedia.org/wiki/2019_Azerbaijan_Grand_Prix,\N,\N,\N,\N,\N,\N,\N,\N,\N,\N
1014,2019,5,4,Spanish Grand Prix,2019-05-12,13:10:00,http://en.wikipedia.org/wiki/2019_Spanish_Grand_Prix,\N,\N,\N,\N,\N,\N,\N,\N,\N,\N
1015,2019,6,6,Monaco Grand Prix,2019-05-26,13:10:00,http://en.wikipedia.org/wiki/2019_Monaco_Grand_Prix,\N,\N,\N,\N,\N,\N,\N,\N,\N,\N
1016,2019,7,7,Canadian Grand Prix,2019-06-09,18:10:00,http://en.wikipedia.org/wiki/2019_Canadian_Grand_Prix,\N,\N,\N,\N,\N,\N,\N,\N,\N,\N
1017,2019,8,34,French Grand Prix,2019-06-23,13:10:00,http://en.wikipedia.org/wiki/2019_French_Grand_Prix,\N,\N,\N,\N,\N,\N,\N,\N,\N,\N
1018,2019,9,70,Austrian Grand Prix,2019-06-30,13:10:00,http://en.wikipedia.org/wiki/2019_Austrian_Grand_Prix,\N,\N,\N,\N,\N,\N,\N,\N,\N,\N
1019,2019,10,9,British Grand Prix,2019-07-14,13:10:00,http://en.wikipedia.org/wiki/2019_British_Grand_Prix,\N,\N,\N,\N,\N,\N,\N,\N,\N,\N
1020,2019,11,10,German Grand Prix,2019-07-28,13:10:00,http://en.wikipedia.org/wiki/2019_German_Grand_Prix,\N,\N,\N,\N,\N,\N,\N,\N,\N,\N
1021,2019,12,11,Hungarian Grand Prix,2019-08-04,13:10:00,http://en.wikipedia.org/wiki/2019_Hungarian_Grand_Prix,\N,\N,\N,\N,\N,\N,\N,\N,\N,\N
1022,2019,13,13,Belgian Grand Prix,2019-09-01,13:10:00,http://en.wikipedia.org/wiki/2019_Belgian_Grand_Prix,\N,\N,\N,\N,\N,\N,\N,\N,\N,\N
1023,2019,14,14,Italian Grand Prix,2019-09-08,13:10:00,http://en.wikipedia.org/wiki/2019_Italian_Grand_Prix,\N,\N,\N,\N,\N,\N,\N,\N,\N,\N
1024,2019,15,15,Singapore Grand Prix,2019-09-22,12:10:00,http://en.wikipedia.org/wiki/2019_Singapore_Grand_Prix,\N,\N,\N,\N,\N,\N,\N,\N,\N,\N
1025,2019,16,71,Russian Grand Prix,2019-09-29,11:10:00,http://en.wikipedia.org/wiki/2019_Russian_Grand_Prix,\N,\N,\N,\N,\N,\N,\N,\N,\N,\N
1026,2019,17,22,Japanese Grand Prix,2019-10-13,05:10:00,http://en.wikipedia.org/wiki/2019_Japanese_Grand_Prix,\N,\N,\N,\N,\N,\N,\N,\N,\N,\N
1027,2019,18,32,Mexican Grand Prix,2019-10-27,19:10:00,http://en.wikipedia.org/wiki/2019_Mexican_Grand_Prix,\N,\N,\N,\N,\N,\N,\N,\N,\N,\N
1028,2019,19,69,United States Grand Prix,2019-11-03,19:10:00,http://en.wikipedia.org/wiki/2019_United_States_Grand_Prix,\N,\N,\N,\N,\N,\N,\N,\N,\N,\N
1029,2019,20,18,Brazilian Grand Prix,2019-11-17,17:10:00,http://en.wikipedia.org/wiki/2019_Brazilian_Grand_Prix,\N,\N,\N,\N,\N,\N,\N,\N,\N,\N
1030,2019,21,24,Abu Dhabi Grand Prix,2019-12-01,13:10:00,http://en.wikipedia.org/wiki/2019_Abu_Dhabi_Grand_Prix,\N,\N,\N,\N,\N,\N,\N,\N,\N,\N
1031,2020,1,70,Austrian Grand Prix,2020-07-05,13:10:00,http://en.wikipedia.org/wiki/2020_Austrian_Grand_Prix,\N,\N,\N,\N,\N,\N,\N,\N,\N,\N
1032,2020,2,70,Styrian Grand Prix,2020-07-12,13:10:00,http://en.wikipedia.org/wiki/2020_Styrian_Grand_Prix,\N,\N,\N,\N,\N,\N,\N,\N,\N,\N
1033,2020,3,11,Hungarian Grand Prix,2020-07-19,13:10:00,http://en.wikipedia.org/wiki/2020_Hungarian_Grand_Prix,\N,\N,\N,\N,\N,\N,\N,\N,\N,\N
1034,2020,4,9,British Grand Prix,2020-08-02,13:10:00,http://en.wikipedia.org/wiki/2020_British_Grand_Prix,\N,\N,\N,\N,\N,\N,\N,\N,\N,\N
1035,2020,5,9,70th Anniversary Grand Prix,2020-08-09,13:10:00,http://en.wikipedia.org/wiki/70th_Anniversary_Grand_Prix,\N,\N,\N,\N,\N,\N,\N,\N,\N,\N
1036,2020,6,4,Spanish Grand Prix,2020-08-16,13:10:00,http://en.wikipedia.org/wiki/2020_Spanish_Grand_Prix,\N,\N,\N,\N,\N,\N,\N,\N,\N,\N
1037,2020,7,13,Belgian Grand Prix,2020-08-30,13:10:00,http://en.wikipedia.org/wiki/2020_Belgian_Grand_Prix,\N,\N,\N,\N,\N,\N,\N,\N,\N,\N
1038,2020,8,14,Italian Grand Prix,2020-09-06,13:10:00,http://en.wikipedia.org/wiki/2020_Italian_Grand_Prix,\N,\N,\N,\N,\N,\N,\N,\N,\N,\N
1039,2020,9,76,Tuscan Grand Prix,2020-09-13,13:10:00,http://en.wikipedia.org/wiki/2020_Tuscan_Grand_Prix,\N,\N,\N,\N,\N,\N,\N,\N,\N,\N
1040,2020,10,71,Russian Grand Prix,2020-09-27,11:10:00,http://en.wikipedia.org/wiki/2020_Russian_Grand_Prix,\N,\N,\N,\N,\N,\N,\N,\N,\N,\N
1041,2020,11,20,Eifel Grand Prix,2020-10-11,13:10:00,http://en.wikipedia.org/wiki/2020_Eifel_Grand_Prix,\N,\N,\N,\N,\N,\N,\N,\N,\N,\N
1042,2020,12,75,Portuguese Grand Prix,2020-10-25,12:10:00,http://en.wikipedia.org/wiki/2020_Portuguese_Grand_Prix,\N,\N,\N,\N,\N,\N,\N,\N,\N,\N
1043,2020,13,21,Emilia Romagna Grand Prix,2020-11-01,12:10:00,http://en.wikipedia.org/wiki/2020_Emilia_Romagna_Grand_Prix,\N,\N,\N,\N,\N,\N,\N,\N,\N,\N
1044,2020,14,5,Turkish Grand Prix,2020-11-15,10:10:00,http://en.wikipedia.org/wiki/2020_Turkish_Grand_Prix,\N,\N,\N,\N,\N,\N,\N,\N,\N,\N
1045,2020,15,3,Bahrain Grand Prix,2020-11-29,14:10:00,http://en.wikipedia.org/wiki/2020_Bahrain_Grand_Prix,\N,\N,\N,\N,\N,\N,\N,\N,\N,\N
1046,2020,16,3,Sakhir Grand Prix,2020-12-06,17:10:00,http://en.wikipedia.org/wiki/2020_Sakhir_Grand_Prix,\N,\N,\N,\N,\N,\N,\N,\N,\N,\N
1047,2020,17,24,Abu Dhabi Grand Prix,2020-12-13,13:10:00,http://en.wikipedia.org/wiki/2020_Abu_Dhabi_Grand_Prix,\N,\N,\N,\N,\N,\N,\N,\N,\N,\N
